"time","count","year"
20070101,68,2007
20070102,11,2007
20070103,3,2007
20070104,5,2007
20070105,4,2007
20070106,3,2007
20070107,8,2007
20070108,4,2007
20070109,3,2007
20070110,3,2007
20070111,9,2007
20070112,9,2007
20070113,4,2007
20070114,4,2007
20070115,13,2007
20070116,5,2007
20070117,5,2007
20070118,8,2007
20070119,6,2007
20070120,10,2007
20070121,4,2007
20070122,7,2007
20070123,7,2007
20070124,7,2007
20070125,13,2007
20070126,7,2007
20070127,2,2007
20070128,7,2007
20070129,11,2007
20070130,10,2007
20070131,8,2007
20070201,37,2007
20070202,6,2007
20070203,12,2007
20070204,9,2007
20070205,16,2007
20070206,11,2007
20070207,15,2007
20070208,19,2007
20070209,18,2007
20070210,28,2007
20070211,30,2007
20070212,39,2007
20070213,28,2007
20070214,44,2007
20070215,27,2007
20070216,19,2007
20070217,9,2007
20070218,2,2007
20070219,11,2007
20070220,11,2007
20070221,7,2007
20070222,4,2007
20070223,5,2007
20070224,2,2007
20070226,8,2007
20070227,7,2007
20070228,4,2007
20070301,21,2007
20070302,6,2007
20070303,5,2007
20070304,3,2007
20070305,3,2007
20070306,6,2007
20070307,10,2007
20070308,5,2007
20070309,6,2007
20070310,7,2007
20070311,6,2007
20070312,8,2007
20070313,7,2007
20070314,5,2007
20070315,7,2007
20070316,1,2007
20070317,1,2007
20070318,3,2007
20070319,4,2007
20070320,6,2007
20070321,13,2007
20070322,3,2007
20070323,7,2007
20070324,3,2007
20070325,1,2007
20070326,9,2007
20070327,3,2007
20070328,5,2007
20070329,2,2007
20070330,1,2007
20070331,8,2007
20070401,21,2007
20070402,3,2007
20070403,7,2007
20070404,3,2007
20070405,2,2007
20070406,4,2007
20070407,1,2007
20070408,5,2007
20070409,6,2007
20070410,8,2007
20070411,9,2007
20070412,2,2007
20070413,2,2007
20070414,2,2007
20070415,3,2007
20070416,5,2007
20070417,4,2007
20070418,4,2007
20070419,4,2007
20070420,4,2007
20070421,1,2007
20070422,2,2007
20070423,11,2007
20070424,6,2007
20070425,3,2007
20070426,4,2007
20070427,1,2007
20070429,2,2007
20070430,2,2007
20070501,22,2007
20070502,7,2007
20070503,4,2007
20070504,3,2007
20070505,6,2007
20070506,4,2007
20070508,8,2007
20070509,6,2007
20070510,9,2007
20070511,6,2007
20070512,4,2007
20070513,2,2007
20070514,4,2007
20070515,5,2007
20070516,4,2007
20070517,7,2007
20070518,2,2007
20070519,8,2007
20070520,3,2007
20070521,8,2007
20070522,3,2007
20070523,4,2007
20070524,14,2007
20070525,3,2007
20070526,1,2007
20070527,2,2007
20070528,3,2007
20070529,4,2007
20070530,3,2007
20070531,4,2007
20070601,23,2007
20070602,2,2007
20070603,5,2007
20070604,8,2007
20070605,4,2007
20070606,6,2007
20070607,7,2007
20070608,7,2007
20070610,3,2007
20070611,8,2007
20070612,3,2007
20070613,11,2007
20070614,6,2007
20070615,2,2007
20070616,6,2007
20070617,11,2007
20070618,2,2007
20070619,3,2007
20070620,2,2007
20070621,7,2007
20070622,4,2007
20070623,1,2007
20070624,3,2007
20070625,5,2007
20070626,8,2007
20070627,7,2007
20070628,4,2007
20070630,4,2007
20070701,26,2007
20070702,5,2007
20070703,4,2007
20070704,3,2007
20070705,4,2007
20070706,4,2007
20070707,6,2007
20070708,4,2007
20070709,3,2007
20070710,7,2007
20070711,7,2007
20070712,14,2007
20070713,8,2007
20070714,5,2007
20070715,7,2007
20070716,12,2007
20070717,4,2007
20070718,5,2007
20070719,3,2007
20070720,7,2007
20070721,4,2007
20070722,5,2007
20070723,5,2007
20070724,7,2007
20070725,8,2007
20070726,1,2007
20070727,7,2007
20070728,4,2007
20070729,10,2007
20070730,6,2007
20070731,5,2007
20070801,14,2007
20070802,6,2007
20070803,6,2007
20070804,2,2007
20070805,6,2007
20070806,6,2007
20070807,4,2007
20070808,4,2007
20070809,7,2007
20070810,5,2007
20070811,2,2007
20070812,2,2007
20070813,4,2007
20070814,6,2007
20070815,3,2007
20070816,3,2007
20070817,2,2007
20070818,3,2007
20070819,2,2007
20070820,6,2007
20070821,5,2007
20070822,6,2007
20070823,3,2007
20070824,2,2007
20070825,4,2007
20070826,3,2007
20070827,7,2007
20070828,6,2007
20070829,1,2007
20070830,5,2007
20070831,4,2007
20070901,26,2007
20070902,4,2007
20070903,6,2007
20070904,1,2007
20070905,5,2007
20070906,1,2007
20070907,5,2007
20070908,1,2007
20070909,2,2007
20070910,1,2007
20070911,5,2007
20070912,7,2007
20070913,7,2007
20070914,6,2007
20070915,5,2007
20070916,6,2007
20070917,3,2007
20070918,4,2007
20070919,11,2007
20070920,6,2007
20070921,4,2007
20070922,2,2007
20070923,5,2007
20070924,5,2007
20070925,6,2007
20070926,4,2007
20070927,6,2007
20070928,3,2007
20070929,2,2007
20070930,2,2007
20071001,23,2007
20071002,6,2007
20071003,2,2007
20071004,6,2007
20071005,2,2007
20071006,4,2007
20071007,2,2007
20071008,6,2007
20071009,5,2007
20071010,12,2007
20071011,7,2007
20071012,7,2007
20071013,3,2007
20071014,2,2007
20071015,8,2007
20071016,8,2007
20071017,7,2007
20071018,12,2007
20071019,5,2007
20071020,4,2007
20071021,2,2007
20071022,4,2007
20071023,6,2007
20071024,7,2007
20071026,6,2007
20071027,5,2007
20071028,5,2007
20071029,4,2007
20071030,5,2007
20071031,9,2007
20071101,25,2007
20071102,8,2007
20071103,1,2007
20071104,2,2007
20071105,4,2007
20071106,7,2007
20071107,2,2007
20071108,3,2007
20071109,5,2007
20071110,4,2007
20071111,10,2007
20071112,5,2007
20071113,7,2007
20071114,2,2007
20071115,4,2007
20071116,11,2007
20071117,4,2007
20071118,1,2007
20071119,2,2007
20071120,5,2007
20071121,1,2007
20071122,3,2007
20071123,2,2007
20071124,5,2007
20071125,5,2007
20071126,3,2007
20071127,5,2007
20071128,7,2007
20071129,12,2007
20071130,5,2007
20071201,15,2007
20071202,4,2007
20071203,4,2007
20071204,1,2007
20071205,1,2007
20071206,1,2007
20071207,4,2007
20071208,2,2007
20071209,1,2007
20071210,7,2007
20071211,4,2007
20071212,8,2007
20071213,5,2007
20071216,5,2007
20071217,4,2007
20071218,5,2007
20071219,2,2007
20071220,5,2007
20071221,2,2007
20071222,4,2007
20071223,6,2007
20071224,5,2007
20071225,5,2007
20071226,9,2007
20071227,3,2007
20071228,1,2007
20071229,1,2007
20071230,2,2007
20071231,6,2007
20080101,80,2008
20080102,8,2008
20080103,4,2008
20080104,1,2008
20080105,3,2008
20080106,5,2008
20080107,7,2008
20080108,11,2008
20080109,8,2008
20080110,3,2008
20080111,3,2008
20080112,5,2008
20080113,3,2008
20080114,8,2008
20080115,9,2008
20080116,1,2008
20080117,5,2008
20080118,6,2008
20080119,5,2008
20080120,4,2008
20080121,10,2008
20080122,12,2008
20080123,5,2008
20080124,4,2008
20080125,9,2008
20080126,5,2008
20080127,7,2008
20080128,8,2008
20080129,3,2008
20080130,9,2008
20080131,8,2008
20080201,27,2008
20080202,4,2008
20080203,2,2008
20080204,10,2008
20080205,9,2008
20080206,9,2008
20080207,6,2008
20080208,10,2008
20080209,7,2008
20080210,16,2008
20080211,6,2008
20080212,5,2008
20080213,4,2008
20080214,6,2008
20080215,11,2008
20080216,2,2008
20080217,3,2008
20080218,5,2008
20080219,7,2008
20080220,8,2008
20080221,7,2008
20080223,2,2008
20080224,5,2008
20080225,7,2008
20080226,8,2008
20080227,4,2008
20080228,8,2008
20080229,8,2008
20080301,42,2008
20080302,19,2008
20080303,7,2008
20080304,10,2008
20080305,7,2008
20080306,7,2008
20080307,4,2008
20080308,12,2008
20080309,6,2008
20080310,8,2008
20080311,4,2008
20080312,4,2008
20080313,4,2008
20080314,4,2008
20080315,8,2008
20080316,6,2008
20080317,9,2008
20080318,6,2008
20080319,7,2008
20080320,9,2008
20080321,4,2008
20080322,16,2008
20080323,8,2008
20080324,6,2008
20080325,3,2008
20080326,2,2008
20080327,4,2008
20080328,9,2008
20080329,3,2008
20080330,4,2008
20080331,14,2008
20080401,18,2008
20080402,3,2008
20080403,5,2008
20080404,5,2008
20080405,3,2008
20080406,7,2008
20080407,7,2008
20080408,3,2008
20080409,3,2008
20080410,7,2008
20080411,2,2008
20080412,3,2008
20080413,3,2008
20080414,4,2008
20080415,9,2008
20080416,4,2008
20080417,4,2008
20080418,3,2008
20080419,8,2008
20080420,5,2008
20080421,7,2008
20080422,7,2008
20080423,5,2008
20080424,7,2008
20080425,2,2008
20080426,2,2008
20080427,6,2008
20080428,6,2008
20080429,3,2008
20080430,5,2008
20080501,18,2008
20080502,3,2008
20080503,1,2008
20080504,5,2008
20080505,9,2008
20080506,9,2008
20080507,6,2008
20080508,4,2008
20080509,9,2008
20080510,1,2008
20080511,7,2008
20080512,5,2008
20080513,8,2008
20080514,4,2008
20080515,11,2008
20080516,3,2008
20080517,2,2008
20080518,11,2008
20080519,8,2008
20080520,1,2008
20080522,6,2008
20080523,6,2008
20080524,3,2008
20080525,2,2008
20080526,3,2008
20080527,9,2008
20080528,2,2008
20080529,7,2008
20080530,5,2008
20080531,4,2008
20080601,22,2008
20080602,5,2008
20080603,16,2008
20080604,2,2008
20080605,5,2008
20080606,11,2008
20080607,5,2008
20080608,8,2008
20080609,5,2008
20080610,7,2008
20080611,3,2008
20080612,3,2008
20080613,4,2008
20080614,2,2008
20080615,7,2008
20080616,7,2008
20080617,7,2008
20080618,5,2008
20080619,6,2008
20080620,3,2008
20080621,7,2008
20080622,8,2008
20080623,3,2008
20080624,7,2008
20080625,11,2008
20080626,11,2008
20080627,3,2008
20080628,18,2008
20080629,6,2008
20080630,6,2008
20080701,22,2008
20080702,3,2008
20080703,5,2008
20080704,3,2008
20080705,4,2008
20080706,9,2008
20080707,5,2008
20080708,2,2008
20080709,5,2008
20080710,9,2008
20080711,2,2008
20080712,5,2008
20080713,8,2008
20080714,13,2008
20080715,5,2008
20080716,3,2008
20080717,1,2008
20080718,8,2008
20080719,3,2008
20080720,11,2008
20080721,9,2008
20080722,5,2008
20080723,2,2008
20080725,3,2008
20080726,1,2008
20080727,5,2008
20080728,6,2008
20080729,4,2008
20080730,7,2008
20080731,6,2008
20080801,33,2008
20080802,4,2008
20080803,2,2008
20080804,3,2008
20080805,1,2008
20080806,7,2008
20080807,5,2008
20080808,3,2008
20080809,5,2008
20080810,3,2008
20080811,6,2008
20080812,9,2008
20080813,6,2008
20080814,3,2008
20080815,15,2008
20080816,6,2008
20080817,6,2008
20080818,2,2008
20080819,5,2008
20080820,4,2008
20080821,3,2008
20080822,6,2008
20080823,4,2008
20080824,13,2008
20080825,6,2008
20080826,7,2008
20080827,2,2008
20080828,6,2008
20080829,6,2008
20080830,3,2008
20080831,1,2008
20080901,28,2008
20080903,3,2008
20080904,4,2008
20080905,5,2008
20080906,6,2008
20080907,4,2008
20080908,5,2008
20080909,3,2008
20080910,1,2008
20080911,2,2008
20080912,10,2008
20080913,4,2008
20080914,3,2008
20080915,10,2008
20080916,5,2008
20080917,6,2008
20080918,6,2008
20080919,5,2008
20080920,4,2008
20080921,9,2008
20080922,3,2008
20080923,4,2008
20080924,3,2008
20080925,11,2008
20080926,5,2008
20080927,3,2008
20080929,9,2008
20080930,6,2008
20081001,23,2008
20081002,4,2008
20081003,6,2008
20081004,1,2008
20081005,6,2008
20081006,6,2008
20081007,5,2008
20081008,11,2008
20081009,3,2008
20081010,3,2008
20081011,8,2008
20081012,4,2008
20081013,4,2008
20081014,5,2008
20081015,4,2008
20081016,2,2008
20081017,1,2008
20081018,3,2008
20081019,7,2008
20081020,5,2008
20081021,1,2008
20081022,7,2008
20081023,4,2008
20081024,3,2008
20081025,3,2008
20081026,4,2008
20081027,9,2008
20081028,2,2008
20081029,3,2008
20081030,4,2008
20081031,3,2008
20081101,33,2008
20081102,3,2008
20081103,5,2008
20081104,7,2008
20081105,3,2008
20081106,5,2008
20081107,2,2008
20081108,13,2008
20081109,1,2008
20081110,13,2008
20081111,9,2008
20081112,3,2008
20081113,2,2008
20081114,5,2008
20081115,8,2008
20081116,4,2008
20081117,4,2008
20081118,3,2008
20081119,8,2008
20081120,1,2008
20081121,3,2008
20081122,3,2008
20081123,6,2008
20081124,2,2008
20081125,9,2008
20081126,3,2008
20081127,5,2008
20081128,4,2008
20081129,4,2008
20081130,1,2008
20081201,20,2008
20081202,8,2008
20081203,11,2008
20081204,10,2008
20081205,6,2008
20081206,5,2008
20081207,2,2008
20081208,7,2008
20081209,3,2008
20081210,9,2008
20081211,5,2008
20081212,13,2008
20081213,4,2008
20081214,8,2008
20081215,14,2008
20081216,1,2008
20081217,6,2008
20081218,11,2008
20081219,5,2008
20081220,1,2008
20081221,4,2008
20081222,5,2008
20081223,7,2008
20081224,5,2008
20081225,4,2008
20081226,12,2008
20081227,8,2008
20081228,6,2008
20081229,10,2008
20081230,7,2008
20081231,7,2008
20090101,99,2009
20090102,8,2009
20090103,4,2009
20090104,6,2009
20090105,16,2009
20090106,13,2009
20090107,18,2009
20090108,11,2009
20090109,15,2009
20090110,8,2009
20090111,22,2009
20090112,31,2009
20090113,12,2009
20090114,24,2009
20090115,19,2009
20090116,28,2009
20090117,14,2009
20090118,33,2009
20090119,20,2009
20090120,24,2009
20090121,16,2009
20090122,11,2009
20090123,12,2009
20090124,11,2009
20090125,16,2009
20090126,11,2009
20090127,18,2009
20090128,13,2009
20090129,11,2009
20090130,11,2009
20090131,11,2009
20090201,35,2009
20090202,11,2009
20090203,10,2009
20090204,16,2009
20090205,7,2009
20090206,13,2009
20090207,11,2009
20090208,11,2009
20090209,11,2009
20090210,8,2009
20090211,8,2009
20090212,2,2009
20090213,13,2009
20090214,14,2009
20090215,10,2009
20090216,4,2009
20090217,5,2009
20090218,12,2009
20090219,13,2009
20090220,7,2009
20090221,11,2009
20090222,9,2009
20090223,17,2009
20090224,6,2009
20090225,7,2009
20090226,4,2009
20090227,7,2009
20090228,9,2009
20090301,37,2009
20090302,14,2009
20090303,15,2009
20090304,10,2009
20090305,11,2009
20090306,9,2009
20090307,9,2009
20090308,6,2009
20090309,11,2009
20090310,16,2009
20090311,7,2009
20090312,7,2009
20090313,9,2009
20090314,6,2009
20090315,15,2009
20090316,11,2009
20090317,17,2009
20090318,14,2009
20090319,12,2009
20090320,11,2009
20090321,14,2009
20090322,13,2009
20090323,12,2009
20090324,15,2009
20090325,22,2009
20090326,18,2009
20090327,20,2009
20090328,16,2009
20090329,22,2009
20090330,19,2009
20090331,18,2009
20090401,36,2009
20090402,10,2009
20090403,11,2009
20090404,5,2009
20090405,8,2009
20090406,16,2009
20090407,12,2009
20090408,10,2009
20090409,7,2009
20090410,8,2009
20090411,3,2009
20090412,20,2009
20090413,8,2009
20090414,11,2009
20090415,13,2009
20090416,7,2009
20090417,7,2009
20090418,3,2009
20090419,3,2009
20090420,13,2009
20090421,12,2009
20090422,11,2009
20090423,11,2009
20090424,15,2009
20090425,11,2009
20090426,12,2009
20090427,7,2009
20090428,10,2009
20090429,10,2009
20090430,14,2009
20090501,38,2009
20090502,9,2009
20090503,8,2009
20090504,13,2009
20090505,10,2009
20090506,5,2009
20090507,4,2009
20090508,9,2009
20090509,5,2009
20090510,6,2009
20090511,6,2009
20090512,3,2009
20090513,6,2009
20090514,3,2009
20090515,5,2009
20090516,7,2009
20090517,3,2009
20090518,9,2009
20090519,4,2009
20090520,6,2009
20090521,5,2009
20090522,6,2009
20090523,8,2009
20090524,8,2009
20090525,5,2009
20090526,4,2009
20090527,3,2009
20090528,4,2009
20090529,9,2009
20090530,5,2009
20090531,4,2009
20090601,24,2009
20090602,10,2009
20090603,10,2009
20090604,6,2009
20090605,8,2009
20090606,3,2009
20090607,6,2009
20090608,6,2009
20090609,10,2009
20090610,9,2009
20090611,6,2009
20090612,4,2009
20090613,6,2009
20090614,2,2009
20090615,10,2009
20090616,8,2009
20090617,2,2009
20090618,7,2009
20090619,6,2009
20090620,8,2009
20090621,13,2009
20090622,7,2009
20090623,8,2009
20090624,6,2009
20090625,2,2009
20090626,7,2009
20090627,3,2009
20090628,5,2009
20090629,10,2009
20090630,2,2009
20090701,27,2009
20090702,4,2009
20090703,9,2009
20090704,9,2009
20090705,8,2009
20090706,7,2009
20090707,6,2009
20090708,1,2009
20090709,2,2009
20090710,5,2009
20090711,6,2009
20090712,3,2009
20090713,10,2009
20090714,4,2009
20090715,5,2009
20090716,8,2009
20090717,7,2009
20090718,4,2009
20090719,3,2009
20090720,6,2009
20090721,7,2009
20090722,5,2009
20090723,5,2009
20090724,6,2009
20090725,3,2009
20090726,6,2009
20090727,6,2009
20090728,6,2009
20090729,3,2009
20090730,3,2009
20090731,6,2009
20090801,17,2009
20090802,8,2009
20090803,3,2009
20090804,10,2009
20090805,8,2009
20090806,8,2009
20090807,9,2009
20090808,8,2009
20090809,3,2009
20090810,2,2009
20090811,2,2009
20090812,2,2009
20090813,9,2009
20090814,2,2009
20090815,12,2009
20090816,3,2009
20090817,3,2009
20090818,7,2009
20090819,3,2009
20090820,7,2009
20090821,4,2009
20090822,4,2009
20090823,3,2009
20090824,4,2009
20090825,10,2009
20090826,5,2009
20090827,6,2009
20090828,4,2009
20090829,1,2009
20090830,3,2009
20090831,6,2009
20090901,19,2009
20090902,5,2009
20090903,3,2009
20090904,4,2009
20090905,2,2009
20090906,4,2009
20090907,8,2009
20090908,6,2009
20090909,1,2009
20090910,6,2009
20090911,4,2009
20090912,10,2009
20090913,5,2009
20090914,5,2009
20090915,10,2009
20090916,11,2009
20090917,8,2009
20090918,6,2009
20090919,9,2009
20090920,4,2009
20090921,6,2009
20090922,6,2009
20090923,3,2009
20090924,6,2009
20090925,3,2009
20090926,7,2009
20090927,6,2009
20090928,7,2009
20090929,9,2009
20090930,6,2009
20091001,28,2009
20091002,3,2009
20091003,2,2009
20091004,3,2009
20091005,7,2009
20091006,3,2009
20091007,3,2009
20091008,5,2009
20091009,3,2009
20091010,8,2009
20091011,2,2009
20091012,12,2009
20091013,4,2009
20091014,1,2009
20091015,2,2009
20091016,4,2009
20091017,4,2009
20091018,2,2009
20091019,5,2009
20091020,9,2009
20091021,6,2009
20091022,3,2009
20091023,10,2009
20091024,4,2009
20091025,5,2009
20091026,6,2009
20091027,5,2009
20091028,8,2009
20091029,1,2009
20091030,4,2009
20091031,7,2009
20091101,22,2009
20091102,3,2009
20091103,3,2009
20091104,4,2009
20091105,11,2009
20091106,5,2009
20091107,3,2009
20091108,7,2009
20091109,4,2009
20091110,2,2009
20091111,4,2009
20091112,2,2009
20091113,5,2009
20091114,11,2009
20091115,13,2009
20091116,7,2009
20091117,6,2009
20091118,8,2009
20091119,3,2009
20091120,6,2009
20091121,4,2009
20091122,5,2009
20091123,5,2009
20091124,2,2009
20091125,2,2009
20091126,4,2009
20091127,2,2009
20091128,6,2009
20091129,3,2009
20091130,9,2009
20091201,20,2009
20091202,8,2009
20091203,2,2009
20091204,6,2009
20091205,1,2009
20091206,4,2009
20091207,2,2009
20091208,5,2009
20091209,5,2009
20091210,6,2009
20091211,10,2009
20091212,6,2009
20091213,3,2009
20091214,10,2009
20091215,9,2009
20091216,6,2009
20091217,4,2009
20091218,5,2009
20091219,3,2009
20091220,7,2009
20091221,9,2009
20091222,10,2009
20091223,6,2009
20091224,7,2009
20091225,5,2009
20091226,11,2009
20091227,1,2009
20091228,6,2009
20091229,2,2009
20091230,7,2009
20091231,4,2009
20100101,136,2010
20100102,1,2010
20100103,5,2010
20100104,10,2010
20100105,7,2010
20100106,8,2010
20100107,3,2010
20100108,5,2010
20100109,3,2010
20100110,7,2010
20100111,10,2010
20100112,9,2010
20100113,4,2010
20100114,7,2010
20100115,9,2010
20100116,4,2010
20100117,1,2010
20100118,5,2010
20100119,1,2010
20100120,6,2010
20100121,12,2010
20100122,6,2010
20100123,2,2010
20100124,4,2010
20100125,7,2010
20100126,11,2010
20100127,6,2010
20100128,4,2010
20100129,6,2010
20100130,5,2010
20100131,4,2010
20100201,32,2010
20100202,7,2010
20100203,7,2010
20100204,7,2010
20100205,8,2010
20100206,2,2010
20100207,8,2010
20100208,4,2010
20100209,7,2010
20100210,7,2010
20100211,7,2010
20100212,4,2010
20100213,2,2010
20100214,13,2010
20100215,4,2010
20100216,5,2010
20100217,5,2010
20100218,6,2010
20100219,9,2010
20100220,6,2010
20100221,6,2010
20100222,5,2010
20100223,2,2010
20100224,4,2010
20100225,5,2010
20100226,10,2010
20100227,2,2010
20100228,7,2010
20100301,32,2010
20100302,15,2010
20100303,5,2010
20100304,6,2010
20100305,8,2010
20100306,4,2010
20100307,8,2010
20100308,14,2010
20100309,5,2010
20100310,12,2010
20100311,9,2010
20100312,5,2010
20100313,7,2010
20100314,8,2010
20100315,6,2010
20100316,8,2010
20100317,7,2010
20100318,9,2010
20100319,5,2010
20100320,12,2010
20100321,2,2010
20100322,4,2010
20100323,5,2010
20100324,8,2010
20100325,5,2010
20100326,4,2010
20100327,8,2010
20100328,7,2010
20100329,3,2010
20100330,6,2010
20100331,6,2010
20100401,22,2010
20100402,7,2010
20100403,3,2010
20100404,10,2010
20100405,8,2010
20100406,6,2010
20100407,7,2010
20100408,7,2010
20100409,2,2010
20100410,6,2010
20100411,2,2010
20100412,13,2010
20100413,6,2010
20100414,6,2010
20100415,11,2010
20100416,3,2010
20100417,2,2010
20100418,1,2010
20100419,11,2010
20100420,4,2010
20100421,7,2010
20100422,6,2010
20100423,4,2010
20100424,5,2010
20100425,8,2010
20100426,15,2010
20100427,7,2010
20100428,8,2010
20100429,7,2010
20100430,13,2010
20100501,20,2010
20100502,3,2010
20100503,5,2010
20100504,8,2010
20100505,7,2010
20100506,7,2010
20100507,8,2010
20100508,4,2010
20100509,8,2010
20100510,10,2010
20100511,8,2010
20100512,8,2010
20100513,7,2010
20100514,5,2010
20100515,9,2010
20100516,3,2010
20100517,12,2010
20100518,3,2010
20100519,10,2010
20100520,4,2010
20100521,8,2010
20100522,2,2010
20100523,2,2010
20100524,6,2010
20100525,6,2010
20100526,3,2010
20100527,6,2010
20100528,3,2010
20100529,5,2010
20100530,9,2010
20100531,4,2010
20100601,35,2010
20100602,3,2010
20100603,10,2010
20100604,7,2010
20100605,1,2010
20100606,3,2010
20100607,9,2010
20100608,3,2010
20100609,4,2010
20100610,2,2010
20100611,12,2010
20100612,4,2010
20100613,2,2010
20100614,6,2010
20100615,8,2010
20100616,4,2010
20100617,1,2010
20100618,6,2010
20100619,7,2010
20100620,4,2010
20100621,14,2010
20100622,4,2010
20100623,7,2010
20100624,6,2010
20100625,11,2010
20100626,1,2010
20100627,2,2010
20100628,6,2010
20100629,6,2010
20100630,4,2010
20100701,31,2010
20100702,6,2010
20100703,5,2010
20100704,5,2010
20100705,4,2010
20100706,7,2010
20100707,16,2010
20100708,3,2010
20100709,5,2010
20100710,7,2010
20100711,5,2010
20100712,9,2010
20100713,4,2010
20100714,1,2010
20100715,10,2010
20100716,12,2010
20100717,6,2010
20100718,5,2010
20100719,5,2010
20100720,8,2010
20100721,2,2010
20100722,3,2010
20100723,7,2010
20100724,3,2010
20100725,6,2010
20100726,9,2010
20100727,7,2010
20100728,6,2010
20100729,6,2010
20100730,4,2010
20100731,3,2010
20100801,30,2010
20100802,7,2010
20100803,7,2010
20100804,11,2010
20100805,5,2010
20100806,6,2010
20100807,12,2010
20100808,5,2010
20100809,9,2010
20100810,7,2010
20100811,10,2010
20100812,9,2010
20100813,11,2010
20100814,9,2010
20100815,7,2010
20100816,15,2010
20100817,9,2010
20100818,13,2010
20100819,9,2010
20100820,12,2010
20100821,5,2010
20100822,9,2010
20100823,7,2010
20100824,6,2010
20100825,4,2010
20100826,6,2010
20100827,12,2010
20100828,5,2010
20100829,12,2010
20100830,9,2010
20100831,15,2010
20100901,39,2010
20100902,2,2010
20100903,10,2010
20100904,6,2010
20100905,9,2010
20100906,8,2010
20100907,9,2010
20100908,10,2010
20100909,7,2010
20100910,9,2010
20100911,9,2010
20100912,7,2010
20100913,8,2010
20100914,7,2010
20100915,14,2010
20100916,5,2010
20100917,6,2010
20100918,8,2010
20100919,3,2010
20100920,5,2010
20100921,3,2010
20100922,8,2010
20100923,8,2010
20100924,6,2010
20100925,7,2010
20100926,5,2010
20100927,7,2010
20100928,4,2010
20100929,3,2010
20100930,10,2010
20101001,23,2010
20101002,16,2010
20101003,4,2010
20101004,7,2010
20101005,8,2010
20101006,4,2010
20101007,9,2010
20101008,7,2010
20101009,6,2010
20101010,9,2010
20101011,1,2010
20101012,7,2010
20101013,6,2010
20101014,15,2010
20101015,4,2010
20101016,2,2010
20101017,6,2010
20101018,8,2010
20101019,7,2010
20101020,10,2010
20101021,8,2010
20101022,5,2010
20101023,6,2010
20101024,9,2010
20101025,2,2010
20101026,4,2010
20101027,5,2010
20101028,5,2010
20101029,3,2010
20101030,3,2010
20101031,5,2010
20101101,33,2010
20101102,6,2010
20101103,7,2010
20101104,8,2010
20101105,7,2010
20101106,5,2010
20101107,6,2010
20101108,10,2010
20101109,8,2010
20101110,2,2010
20101111,7,2010
20101112,11,2010
20101113,8,2010
20101114,6,2010
20101115,11,2010
20101116,7,2010
20101117,8,2010
20101118,7,2010
20101119,5,2010
20101120,10,2010
20101121,4,2010
20101122,8,2010
20101123,7,2010
20101124,3,2010
20101125,7,2010
20101126,7,2010
20101127,4,2010
20101128,8,2010
20101129,3,2010
20101130,5,2010
20101201,34,2010
20101202,2,2010
20101203,4,2010
20101204,5,2010
20101205,5,2010
20101206,5,2010
20101207,8,2010
20101208,8,2010
20101209,11,2010
20101210,10,2010
20101211,7,2010
20101212,4,2010
20101213,5,2010
20101214,14,2010
20101215,11,2010
20101216,5,2010
20101217,5,2010
20101218,13,2010
20101219,5,2010
20101220,12,2010
20101221,9,2010
20101222,10,2010
20101223,7,2010
20101224,7,2010
20101225,14,2010
20101226,5,2010
20101227,9,2010
20101228,7,2010
20101229,5,2010
20101230,6,2010
20101231,3,2010
20110101,109,2011
20110102,7,2011
20110103,8,2011
20110104,17,2011
20110105,12,2011
20110106,5,2011
20110107,9,2011
20110108,6,2011
20110109,5,2011
20110110,9,2011
20110111,10,2011
20110112,8,2011
20110113,6,2011
20110114,11,2011
20110115,6,2011
20110116,12,2011
20110117,8,2011
20110118,8,2011
20110119,7,2011
20110120,10,2011
20110121,8,2011
20110122,8,2011
20110123,9,2011
20110124,8,2011
20110125,5,2011
20110126,11,2011
20110127,7,2011
20110128,8,2011
20110129,5,2011
20110130,9,2011
20110131,11,2011
20110201,34,2011
20110202,13,2011
20110203,6,2011
20110204,4,2011
20110205,5,2011
20110206,6,2011
20110207,9,2011
20110208,11,2011
20110209,6,2011
20110210,11,2011
20110211,9,2011
20110212,4,2011
20110213,6,2011
20110214,15,2011
20110215,8,2011
20110216,6,2011
20110217,6,2011
20110218,7,2011
20110219,2,2011
20110220,4,2011
20110221,11,2011
20110222,14,2011
20110223,10,2011
20110224,9,2011
20110225,11,2011
20110226,2,2011
20110227,11,2011
20110228,16,2011
20110301,24,2011
20110302,7,2011
20110303,9,2011
20110304,12,2011
20110305,11,2011
20110306,10,2011
20110307,14,2011
20110308,15,2011
20110309,4,2011
20110310,12,2011
20110311,4,2011
20110312,2,2011
20110313,4,2011
20110314,8,2011
20110315,9,2011
20110316,1,2011
20110317,4,2011
20110318,7,2011
20110319,7,2011
20110320,7,2011
20110321,7,2011
20110322,9,2011
20110323,6,2011
20110324,3,2011
20110325,9,2011
20110326,9,2011
20110327,5,2011
20110328,6,2011
20110329,9,2011
20110330,14,2011
20110331,5,2011
20110401,40,2011
20110402,4,2011
20110403,3,2011
20110404,6,2011
20110405,7,2011
20110406,11,2011
20110407,2,2011
20110408,12,2011
20110409,4,2011
20110410,12,2011
20110411,9,2011
20110412,7,2011
20110413,12,2011
20110414,12,2011
20110415,9,2011
20110416,7,2011
20110417,2,2011
20110418,15,2011
20110419,7,2011
20110420,6,2011
20110421,5,2011
20110422,8,2011
20110423,15,2011
20110424,6,2011
20110425,5,2011
20110426,2,2011
20110427,4,2011
20110428,10,2011
20110429,10,2011
20110430,3,2011
20110501,41,2011
20110502,7,2011
20110503,25,2011
20110504,6,2011
20110505,5,2011
20110506,4,2011
20110507,5,2011
20110508,10,2011
20110509,15,2011
20110510,18,2011
20110511,4,2011
20110512,9,2011
20110513,4,2011
20110514,2,2011
20110515,5,2011
20110516,7,2011
20110517,5,2011
20110518,10,2011
20110519,7,2011
20110520,6,2011
20110521,5,2011
20110522,3,2011
20110523,2,2011
20110524,7,2011
20110525,5,2011
20110526,8,2011
20110527,5,2011
20110528,15,2011
20110529,11,2011
20110530,7,2011
20110531,9,2011
20110601,40,2011
20110602,10,2011
20110603,6,2011
20110604,4,2011
20110605,8,2011
20110606,6,2011
20110607,14,2011
20110608,9,2011
20110609,7,2011
20110610,3,2011
20110611,4,2011
20110612,8,2011
20110613,12,2011
20110614,4,2011
20110615,12,2011
20110616,7,2011
20110617,9,2011
20110618,6,2011
20110619,5,2011
20110620,23,2011
20110621,6,2011
20110622,7,2011
20110623,6,2011
20110624,7,2011
20110625,7,2011
20110626,5,2011
20110627,15,2011
20110628,11,2011
20110629,5,2011
20110630,5,2011
20110701,38,2011
20110702,11,2011
20110703,1,2011
20110704,8,2011
20110705,7,2011
20110706,11,2011
20110707,14,2011
20110708,9,2011
20110709,1,2011
20110710,5,2011
20110711,12,2011
20110712,6,2011
20110713,11,2011
20110714,8,2011
20110715,6,2011
20110716,11,2011
20110717,3,2011
20110718,8,2011
20110719,4,2011
20110720,4,2011
20110721,6,2011
20110722,5,2011
20110723,7,2011
20110724,9,2011
20110725,17,2011
20110726,5,2011
20110727,7,2011
20110728,7,2011
20110729,10,2011
20110730,6,2011
20110731,8,2011
20110801,44,2011
20110802,14,2011
20110803,6,2011
20110804,7,2011
20110805,4,2011
20110806,6,2011
20110807,7,2011
20110808,2,2011
20110809,11,2011
20110810,8,2011
20110811,9,2011
20110812,4,2011
20110813,5,2011
20110814,4,2011
20110815,12,2011
20110816,9,2011
20110817,10,2011
20110818,3,2011
20110819,11,2011
20110820,7,2011
20110821,6,2011
20110822,1,2011
20110823,6,2011
20110824,5,2011
20110825,6,2011
20110826,9,2011
20110827,4,2011
20110828,8,2011
20110829,9,2011
20110830,7,2011
20110831,3,2011
20110901,40,2011
20110902,9,2011
20110903,5,2011
20110904,4,2011
20110905,2,2011
20110906,7,2011
20110907,5,2011
20110908,5,2011
20110909,9,2011
20110910,4,2011
20110911,7,2011
20110912,7,2011
20110913,5,2011
20110914,7,2011
20110915,4,2011
20110916,6,2011
20110917,6,2011
20110918,2,2011
20110919,5,2011
20110920,6,2011
20110921,8,2011
20110922,8,2011
20110923,10,2011
20110924,9,2011
20110925,1,2011
20110926,10,2011
20110927,12,2011
20110928,7,2011
20110929,8,2011
20110930,5,2011
20111001,31,2011
20111002,10,2011
20111003,12,2011
20111004,10,2011
20111005,9,2011
20111006,2,2011
20111007,6,2011
20111008,4,2011
20111009,3,2011
20111010,12,2011
20111011,8,2011
20111012,8,2011
20111013,13,2011
20111014,4,2011
20111015,10,2011
20111016,8,2011
20111017,6,2011
20111018,15,2011
20111019,11,2011
20111020,9,2011
20111021,12,2011
20111022,4,2011
20111023,4,2011
20111024,2,2011
20111025,11,2011
20111026,3,2011
20111027,2,2011
20111028,5,2011
20111029,8,2011
20111030,3,2011
20111031,9,2011
20111101,57,2011
20111102,8,2011
20111103,8,2011
20111104,7,2011
20111105,3,2011
20111106,5,2011
20111107,7,2011
20111108,10,2011
20111109,7,2011
20111110,7,2011
20111111,7,2011
20111112,9,2011
20111113,5,2011
20111114,10,2011
20111115,7,2011
20111116,11,2011
20111117,11,2011
20111118,9,2011
20111119,5,2011
20111120,3,2011
20111121,3,2011
20111122,9,2011
20111123,6,2011
20111124,4,2011
20111125,6,2011
20111126,6,2011
20111127,6,2011
20111128,8,2011
20111129,2,2011
20111130,7,2011
20111201,33,2011
20111202,10,2011
20111203,5,2011
20111204,7,2011
20111205,9,2011
20111206,10,2011
20111207,4,2011
20111208,5,2011
20111209,7,2011
20111210,6,2011
20111211,12,2011
20111212,7,2011
20111213,10,2011
20111214,7,2011
20111215,9,2011
20111216,5,2011
20111217,4,2011
20111218,3,2011
20111219,5,2011
20111220,7,2011
20111221,9,2011
20111222,14,2011
20111223,8,2011
20111224,6,2011
20111225,10,2011
20111226,10,2011
20111227,15,2011
20111228,13,2011
20111229,8,2011
20111230,9,2011
20120101,117,2012
20120102,14,2012
20120103,9,2012
20120104,10,2012
20120105,4,2012
20120106,5,2012
20120107,6,2012
20120108,7,2012
20120109,9,2012
20120110,8,2012
20120111,7,2012
20120112,8,2012
20120113,10,2012
20120114,9,2012
20120115,8,2012
20120116,6,2012
20120117,7,2012
20120118,11,2012
20120119,14,2012
20120120,10,2012
20120121,7,2012
20120122,8,2012
20120123,7,2012
20120124,11,2012
20120125,12,2012
20120126,6,2012
20120127,8,2012
20120128,17,2012
20120129,15,2012
20120130,9,2012
20120131,8,2012
20120201,35,2012
20120202,8,2012
20120203,7,2012
20120204,5,2012
20120205,13,2012
20120206,9,2012
20120207,8,2012
20120208,11,2012
20120209,10,2012
20120210,11,2012
20120211,10,2012
20120212,9,2012
20120213,11,2012
20120214,11,2012
20120215,13,2012
20120216,7,2012
20120217,5,2012
20120218,4,2012
20120219,8,2012
20120220,17,2012
20120221,11,2012
20120222,13,2012
20120223,5,2012
20120224,12,2012
20120225,10,2012
20120226,10,2012
20120227,10,2012
20120228,6,2012
20120229,10,2012
20120301,27,2012
20120302,18,2012
20120303,6,2012
20120304,7,2012
20120305,13,2012
20120306,11,2012
20120307,11,2012
20120308,11,2012
20120309,4,2012
20120310,4,2012
20120311,4,2012
20120312,12,2012
20120313,8,2012
20120314,7,2012
20120315,10,2012
20120316,8,2012
20120317,9,2012
20120318,2,2012
20120319,8,2012
20120320,11,2012
20120321,11,2012
20120322,5,2012
20120323,12,2012
20120324,9,2012
20120325,10,2012
20120326,6,2012
20120327,7,2012
20120328,13,2012
20120329,11,2012
20120330,18,2012
20120331,3,2012
20120401,35,2012
20120402,10,2012
20120403,20,2012
20120404,10,2012
20120405,17,2012
20120406,6,2012
20120407,6,2012
20120408,4,2012
20120409,13,2012
20120410,12,2012
20120411,6,2012
20120412,8,2012
20120413,6,2012
20120414,12,2012
20120415,15,2012
20120416,16,2012
20120417,10,2012
20120418,5,2012
20120419,11,2012
20120420,11,2012
20120421,4,2012
20120422,6,2012
20120423,12,2012
20120424,8,2012
20120425,10,2012
20120426,10,2012
20120427,10,2012
20120428,4,2012
20120429,6,2012
20120430,10,2012
20120501,37,2012
20120502,8,2012
20120503,12,2012
20120504,8,2012
20120505,1,2012
20120506,36,2012
20120507,12,2012
20120508,11,2012
20120509,9,2012
20120510,12,2012
20120511,2,2012
20120512,8,2012
20120513,3,2012
20120514,9,2012
20120515,12,2012
20120516,6,2012
20120517,4,2012
20120518,7,2012
20120519,4,2012
20120520,18,2012
20120521,11,2012
20120522,9,2012
20120523,6,2012
20120524,2,2012
20120525,2,2012
20120526,4,2012
20120527,2,2012
20120528,9,2012
20120529,9,2012
20120530,7,2012
20120531,3,2012
20120601,45,2012
20120602,7,2012
20120603,7,2012
20120604,10,2012
20120605,5,2012
20120606,8,2012
20120607,6,2012
20120608,9,2012
20120609,9,2012
20120610,4,2012
20120611,10,2012
20120612,12,2012
20120613,8,2012
20120614,12,2012
20120615,7,2012
20120616,7,2012
20120617,6,2012
20120618,9,2012
20120619,7,2012
20120620,13,2012
20120621,8,2012
20120622,10,2012
20120623,2,2012
20120624,7,2012
20120625,7,2012
20120626,12,2012
20120627,6,2012
20120628,7,2012
20120629,2,2012
20120630,8,2012
20120701,50,2012
20120702,6,2012
20120703,11,2012
20120704,5,2012
20120705,5,2012
20120706,5,2012
20120707,5,2012
20120708,8,2012
20120709,8,2012
20120710,19,2012
20120711,9,2012
20120712,13,2012
20120713,10,2012
20120714,8,2012
20120715,11,2012
20120716,7,2012
20120717,5,2012
20120718,5,2012
20120719,5,2012
20120720,8,2012
20120721,6,2012
20120722,10,2012
20120723,6,2012
20120724,10,2012
20120725,8,2012
20120726,9,2012
20120727,7,2012
20120728,7,2012
20120729,12,2012
20120730,8,2012
20120731,10,2012
20120801,51,2012
20120802,7,2012
20120803,5,2012
20120804,6,2012
20120805,7,2012
20120806,6,2012
20120807,7,2012
20120808,10,2012
20120809,5,2012
20120810,16,2012
20120811,6,2012
20120812,8,2012
20120813,10,2012
20120814,7,2012
20120815,12,2012
20120816,6,2012
20120817,6,2012
20120818,8,2012
20120819,7,2012
20120820,18,2012
20120821,6,2012
20120822,15,2012
20120823,16,2012
20120824,3,2012
20120825,8,2012
20120826,5,2012
20120827,8,2012
20120828,6,2012
20120829,16,2012
20120830,7,2012
20120831,8,2012
20120901,47,2012
20120902,4,2012
20120903,10,2012
20120904,10,2012
20120905,5,2012
20120906,5,2012
20120907,16,2012
20120908,2,2012
20120909,9,2012
20120910,14,2012
20120911,4,2012
20120912,16,2012
20120913,11,2012
20120914,13,2012
20120915,9,2012
20120916,9,2012
20120917,12,2012
20120918,7,2012
20120919,4,2012
20120920,13,2012
20120921,8,2012
20120922,8,2012
20120923,7,2012
20120924,6,2012
20120925,14,2012
20120926,10,2012
20120927,13,2012
20120928,6,2012
20120929,6,2012
20120930,5,2012
20121001,60,2012
20121002,18,2012
20121003,13,2012
20121004,7,2012
20121005,8,2012
20121006,12,2012
20121007,7,2012
20121008,8,2012
20121009,8,2012
20121010,15,2012
20121011,7,2012
20121012,16,2012
20121013,8,2012
20121014,10,2012
20121015,11,2012
20121016,6,2012
20121017,16,2012
20121018,6,2012
20121019,7,2012
20121020,7,2012
20121021,6,2012
20121022,8,2012
20121023,9,2012
20121024,8,2012
20121025,8,2012
20121026,7,2012
20121027,2,2012
20121028,5,2012
20121029,11,2012
20121030,7,2012
20121031,5,2012
20121101,49,2012
20121102,7,2012
20121103,8,2012
20121104,8,2012
20121105,12,2012
20121106,13,2012
20121107,4,2012
20121108,12,2012
20121109,7,2012
20121110,8,2012
20121111,5,2012
20121112,12,2012
20121113,13,2012
20121114,8,2012
20121115,15,2012
20121116,8,2012
20121117,7,2012
20121118,3,2012
20121119,8,2012
20121120,17,2012
20121121,6,2012
20121122,7,2012
20121123,10,2012
20121124,6,2012
20121125,8,2012
20121126,11,2012
20121127,7,2012
20121128,8,2012
20121129,6,2012
20121130,30,2012
20121201,33,2012
20121202,6,2012
20121203,7,2012
20121204,11,2012
20121205,7,2012
20121206,10,2012
20121207,13,2012
20121208,2,2012
20121209,2,2012
20121210,8,2012
20121211,13,2012
20121212,6,2012
20121213,5,2012
20121214,7,2012
20121215,5,2012
20121216,8,2012
20121217,7,2012
20121218,8,2012
20121219,10,2012
20121220,8,2012
20121221,1,2012
20121222,5,2012
20121223,5,2012
20121224,11,2012
20121225,10,2012
20121226,8,2012
20121227,7,2012
20121228,10,2012
20121229,4,2012
20121230,5,2012
20121231,5,2012
20130101,153,2013
20130102,13,2013
20130103,5,2013
20130104,4,2013
20130105,10,2013
20130106,11,2013
20130107,10,2013
20130108,8,2013
20130109,6,2013
20130110,9,2013
20130111,6,2013
20130112,7,2013
20130113,11,2013
20130114,10,2013
20130115,6,2013
20130116,6,2013
20130117,4,2013
20130118,11,2013
20130119,8,2013
20130120,19,2013
20130121,15,2013
20130122,11,2013
20130123,8,2013
20130124,10,2013
20130125,12,2013
20130126,3,2013
20130127,3,2013
20130128,4,2013
20130129,7,2013
20130130,6,2013
20130131,5,2013
20130201,43,2013
20130202,12,2013
20130203,10,2013
20130204,9,2013
20130205,18,2013
20130206,6,2013
20130207,6,2013
20130208,7,2013
20130209,4,2013
20130210,14,2013
20130211,14,2013
20130212,13,2013
20130213,14,2013
20130214,6,2013
20130215,11,2013
20130216,4,2013
20130217,3,2013
20130218,7,2013
20130219,6,2013
20130220,13,2013
20130221,10,2013
20130222,9,2013
20130223,5,2013
20130224,12,2013
20130225,8,2013
20130226,13,2013
20130227,7,2013
20130228,21,2013
20130301,56,2013
20130302,7,2013
20130303,6,2013
20130304,17,2013
20130305,10,2013
20130306,6,2013
20130307,9,2013
20130308,12,2013
20130309,3,2013
20130310,16,2013
20130311,13,2013
20130312,12,2013
20130313,7,2013
20130314,10,2013
20130315,11,2013
20130316,3,2013
20130317,4,2013
20130318,4,2013
20130319,15,2013
20130320,13,2013
20130321,7,2013
20130322,6,2013
20130323,4,2013
20130324,4,2013
20130325,13,2013
20130326,5,2013
20130327,4,2013
20130328,11,2013
20130329,6,2013
20130330,6,2013
20130331,8,2013
20130401,46,2013
20130402,16,2013
20130403,11,2013
20130404,14,2013
20130405,8,2013
20130406,4,2013
20130407,6,2013
20130408,16,2013
20130409,9,2013
20130410,9,2013
20130411,10,2013
20130412,12,2013
20130413,8,2013
20130414,5,2013
20130415,12,2013
20130416,10,2013
20130417,10,2013
20130418,5,2013
20130419,10,2013
20130420,7,2013
20130421,6,2013
20130422,11,2013
20130423,4,2013
20130424,10,2013
20130425,8,2013
20130426,9,2013
20130427,4,2013
20130428,6,2013
20130429,17,2013
20130430,10,2013
20130501,64,2013
20130502,9,2013
20130503,14,2013
20130504,4,2013
20130505,6,2013
20130506,8,2013
20130507,14,2013
20130508,7,2013
20130509,9,2013
20130510,5,2013
20130511,6,2013
20130512,5,2013
20130513,14,2013
20130514,15,2013
20130515,15,2013
20130516,10,2013
20130517,11,2013
20130518,6,2013
20130519,6,2013
20130520,13,2013
20130521,12,2013
20130522,7,2013
20130523,10,2013
20130524,5,2013
20130525,12,2013
20130526,7,2013
20130527,9,2013
20130528,11,2013
20130529,8,2013
20130530,7,2013
20130531,5,2013
20130601,44,2013
20130602,6,2013
20130603,13,2013
20130604,9,2013
20130605,2,2013
20130606,9,2013
20130607,9,2013
20130608,12,2013
20130609,8,2013
20130610,10,2013
20130611,13,2013
20130612,7,2013
20130613,11,2013
20130614,9,2013
20130615,12,2013
20130616,8,2013
20130617,15,2013
20130618,5,2013
20130619,12,2013
20130620,11,2013
20130621,9,2013
20130622,4,2013
20130623,4,2013
20130624,8,2013
20130625,11,2013
20130626,6,2013
20130627,10,2013
20130628,15,2013
20130629,7,2013
20130630,5,2013
20130701,68,2013
20130702,9,2013
20130703,21,2013
20130704,6,2013
20130705,9,2013
20130706,7,2013
20130707,4,2013
20130708,13,2013
20130709,9,2013
20130710,9,2013
20130711,13,2013
20130712,11,2013
20130713,7,2013
20130714,8,2013
20130715,7,2013
20130716,10,2013
20130717,12,2013
20130718,11,2013
20130719,8,2013
20130720,14,2013
20130721,11,2013
20130722,16,2013
20130723,10,2013
20130724,17,2013
20130725,8,2013
20130726,7,2013
20130727,7,2013
20130728,7,2013
20130729,9,2013
20130730,13,2013
20130731,8,2013
20130801,67,2013
20130802,9,2013
20130803,9,2013
20130804,15,2013
20130805,13,2013
20130806,8,2013
20130807,10,2013
20130808,11,2013
20130809,11,2013
20130810,14,2013
20130811,10,2013
20130812,17,2013
20130813,3,2013
20130814,15,2013
20130815,30,2013
20130816,11,2013
20130817,8,2013
20130818,12,2013
20130819,10,2013
20130820,15,2013
20130821,17,2013
20130822,16,2013
20130823,13,2013
20130824,16,2013
20130825,9,2013
20130826,20,2013
20130827,12,2013
20130828,19,2013
20130829,18,2013
20130830,27,2013
20130831,18,2013
20130901,82,2013
20130902,31,2013
20130903,45,2013
20130904,44,2013
20130905,25,2013
20130906,24,2013
20130907,12,2013
20130908,18,2013
20130909,23,2013
20130910,22,2013
20130911,21,2013
20130912,11,2013
20130913,14,2013
20130914,12,2013
20130915,8,2013
20130916,18,2013
20130917,17,2013
20130918,16,2013
20130919,12,2013
20130920,9,2013
20130921,14,2013
20130922,8,2013
20130923,8,2013
20130924,11,2013
20130925,13,2013
20130926,11,2013
20130927,8,2013
20130928,8,2013
20130929,13,2013
20130930,13,2013
20131001,72,2013
20131002,9,2013
20131003,7,2013
20131004,10,2013
20131005,10,2013
20131006,4,2013
20131007,15,2013
20131008,10,2013
20131009,12,2013
20131010,7,2013
20131011,9,2013
20131012,13,2013
20131013,14,2013
20131014,10,2013
20131015,17,2013
20131016,12,2013
20131017,7,2013
20131018,10,2013
20131019,11,2013
20131020,7,2013
20131021,13,2013
20131022,10,2013
20131023,6,2013
20131024,6,2013
20131025,12,2013
20131026,8,2013
20131027,5,2013
20131028,9,2013
20131029,6,2013
20131030,7,2013
20131031,7,2013
20131101,67,2013
20131102,2,2013
20131103,12,2013
20131104,11,2013
20131105,5,2013
20131106,7,2013
20131107,5,2013
20131108,7,2013
20131109,11,2013
20131110,9,2013
20131111,13,2013
20131112,17,2013
20131113,9,2013
20131114,8,2013
20131115,15,2013
20131116,6,2013
20131117,9,2013
20131118,4,2013
20131119,12,2013
20131120,16,2013
20131121,7,2013
20131122,7,2013
20131123,11,2013
20131124,8,2013
20131125,8,2013
20131126,11,2013
20131127,11,2013
20131128,6,2013
20131129,5,2013
20131130,3,2013
20131201,62,2013
20131202,14,2013
20131203,38,2013
20131204,6,2013
20131205,9,2013
20131206,7,2013
20131207,7,2013
20131208,5,2013
20131209,6,2013
20131210,6,2013
20131211,8,2013
20131212,7,2013
20131213,12,2013
20131214,5,2013
20131215,8,2013
20131216,10,2013
20131217,6,2013
20131218,9,2013
20131219,12,2013
20131220,21,2013
20131221,5,2013
20131222,7,2013
20131223,6,2013
20131224,2,2013
20131225,7,2013
20131226,3,2013
20131227,3,2013
20131228,3,2013
20131229,8,2013
20131230,9,2013
20131231,10,2013
20140101,210,2014
20140102,5,2014
20140103,14,2014
20140104,7,2014
20140105,6,2014
20140106,5,2014
20140107,7,2014
20140108,9,2014
20140109,10,2014
20140110,10,2014
20140111,10,2014
20140112,8,2014
20140113,10,2014
20140114,12,2014
20140115,19,2014
20140116,11,2014
20140117,9,2014
20140118,11,2014
20140119,6,2014
20140120,15,2014
20140121,3,2014
20140122,12,2014
20140123,11,2014
20140124,6,2014
20140125,4,2014
20140126,9,2014
20140127,7,2014
20140128,7,2014
20140129,17,2014
20140130,12,2014
20140131,12,2014
20140201,57,2014
20140202,5,2014
20140203,11,2014
20140204,8,2014
20140205,8,2014
20140206,10,2014
20140207,8,2014
20140208,8,2014
20140209,10,2014
20140210,11,2014
20140211,12,2014
20140212,9,2014
20140213,13,2014
20140214,12,2014
20140215,7,2014
20140216,9,2014
20140217,16,2014
20140218,6,2014
20140219,7,2014
20140220,16,2014
20140221,13,2014
20140222,7,2014
20140223,6,2014
20140224,11,2014
20140225,13,2014
20140226,8,2014
20140227,11,2014
20140228,28,2014
20140301,72,2014
20140302,8,2014
20140303,17,2014
20140304,15,2014
20140305,9,2014
20140306,9,2014
20140307,9,2014
20140308,8,2014
20140309,8,2014
20140310,15,2014
20140311,21,2014
20140312,14,2014
20140313,2,2014
20140314,16,2014
20140315,11,2014
20140316,6,2014
20140317,12,2014
20140318,11,2014
20140319,7,2014
20140320,15,2014
20140321,13,2014
20140322,10,2014
20140323,8,2014
20140324,17,2014
20140325,7,2014
20140326,13,2014
20140327,12,2014
20140328,6,2014
20140329,8,2014
20140330,7,2014
20140331,9,2014
20140401,71,2014
20140402,9,2014
20140403,8,2014
20140404,7,2014
20140405,11,2014
20140406,10,2014
20140407,8,2014
20140408,7,2014
20140409,13,2014
20140410,14,2014
20140411,7,2014
20140412,6,2014
20140413,6,2014
20140414,7,2014
20140415,12,2014
20140416,8,2014
20140417,8,2014
20140418,12,2014
20140419,8,2014
20140420,13,2014
20140421,12,2014
20140422,7,2014
20140423,5,2014
20140424,6,2014
20140425,10,2014
20140426,6,2014
20140427,3,2014
20140428,10,2014
20140429,11,2014
20140430,16,2014
20140501,52,2014
20140502,11,2014
20140503,9,2014
20140504,9,2014
20140505,16,2014
20140506,11,2014
20140507,4,2014
20140508,2,2014
20140509,9,2014
20140510,13,2014
20140511,7,2014
20140512,6,2014
20140513,9,2014
20140514,11,2014
20140515,7,2014
20140516,9,2014
20140517,5,2014
20140518,5,2014
20140519,4,2014
20140520,6,2014
20140521,7,2014
20140522,10,2014
20140523,11,2014
20140524,4,2014
20140525,6,2014
20140526,8,2014
20140527,7,2014
20140528,6,2014
20140529,12,2014
20140530,7,2014
20140531,7,2014
20140601,60,2014
20140602,11,2014
20140603,12,2014
20140604,5,2014
20140605,4,2014
20140606,8,2014
20140607,6,2014
20140608,8,2014
20140609,11,2014
20140610,9,2014
20140611,8,2014
20140612,11,2014
20140613,7,2014
20140614,6,2014
20140615,12,2014
20140616,5,2014
20140617,6,2014
20140618,6,2014
20140619,13,2014
20140620,17,2014
20140621,7,2014
20140622,6,2014
20140623,7,2014
20140624,5,2014
20140625,7,2014
20140626,12,2014
20140627,3,2014
20140628,6,2014
20140629,3,2014
20140630,5,2014
20140701,76,2014
20140702,7,2014
20140703,7,2014
20140704,13,2014
20140705,6,2014
20140706,7,2014
20140707,10,2014
20140708,18,2014
20140709,17,2014
20140710,15,2014
20140711,13,2014
20140712,3,2014
20140713,8,2014
20140714,6,2014
20140715,13,2014
20140716,11,2014
20140717,12,2014
20140718,15,2014
20140719,7,2014
20140720,6,2014
20140721,10,2014
20140722,15,2014
20140723,17,2014
20140724,4,2014
20140725,12,2014
20140726,9,2014
20140727,7,2014
20140728,18,2014
20140729,13,2014
20140730,9,2014
20140731,6,2014
20140801,71,2014
20140802,7,2014
20140803,7,2014
20140804,10,2014
20140805,11,2014
20140806,12,2014
20140807,17,2014
20140808,7,2014
20140809,8,2014
20140810,12,2014
20140811,11,2014
20140812,10,2014
20140813,12,2014
20140814,7,2014
20140815,12,2014
20140816,3,2014
20140817,5,2014
20140818,8,2014
20140819,12,2014
20140820,16,2014
20140821,16,2014
20140822,9,2014
20140823,2,2014
20140824,7,2014
20140825,14,2014
20140826,5,2014
20140827,6,2014
20140828,6,2014
20140829,6,2014
20140830,8,2014
20140831,3,2014
20140901,76,2014
20140902,17,2014
20140903,8,2014
20140904,12,2014
20140905,2,2014
20140906,7,2014
20140907,4,2014
20140908,11,2014
20140909,16,2014
20140910,7,2014
20140911,15,2014
20140912,6,2014
20140913,5,2014
20140914,6,2014
20140915,14,2014
20140916,14,2014
20140917,8,2014
20140918,11,2014
20140919,8,2014
20140920,7,2014
20140921,11,2014
20140922,10,2014
20140923,3,2014
20140924,8,2014
20140925,12,2014
20140926,12,2014
20140927,8,2014
20140928,5,2014
20140929,14,2014
20140930,7,2014
20141001,97,2014
20141002,11,2014
20141003,18,2014
20141004,5,2014
20141005,6,2014
20141006,7,2014
20141007,15,2014
20141008,6,2014
20141009,11,2014
20141010,18,2014
20141011,8,2014
20141012,4,2014
20141013,9,2014
20141014,10,2014
20141015,7,2014
20141016,9,2014
20141017,6,2014
20141018,5,2014
20141019,6,2014
20141020,16,2014
20141021,8,2014
20141022,14,2014
20141023,10,2014
20141024,8,2014
20141025,3,2014
20141026,7,2014
20141027,9,2014
20141028,12,2014
20141029,11,2014
20141030,10,2014
20141031,6,2014
20141101,69,2014
20141102,7,2014
20141103,6,2014
20141104,12,2014
20141105,19,2014
20141106,9,2014
20141107,10,2014
20141108,5,2014
20141109,8,2014
20141110,13,2014
20141111,8,2014
20141112,9,2014
20141113,6,2014
20141114,7,2014
20141115,5,2014
20141116,7,2014
20141117,5,2014
20141118,7,2014
20141119,12,2014
20141120,22,2014
20141121,7,2014
20141122,5,2014
20141123,5,2014
20141124,12,2014
20141125,4,2014
20141126,7,2014
20141127,4,2014
20141128,10,2014
20141129,3,2014
20141130,8,2014
20141201,70,2014
20141202,16,2014
20141203,10,2014
20141204,16,2014
20141205,5,2014
20141206,17,2014
20141207,6,2014
20141208,14,2014
20141209,3,2014
20141210,11,2014
20141211,18,2014
20141212,10,2014
20141213,6,2014
20141214,6,2014
20141215,12,2014
20141216,8,2014
20141217,4,2014
20141218,10,2014
20141219,4,2014
20141220,9,2014
20141221,3,2014
20141222,7,2014
20141223,10,2014
20141224,5,2014
20141225,12,2014
20141226,5,2014
20141227,5,2014
20141228,5,2014
20141229,5,2014
20141230,10,2014
20141231,8,2014
20150101,245,2015
20150102,6,2015
20150103,6,2015
20150104,14,2015
20150105,20,2015
20150106,9,2015
20150107,19,2015
20150108,16,2015
20150109,12,2015
20150110,10,2015
20150111,7,2015
20150112,13,2015
20150113,14,2015
20150114,14,2015
20150115,11,2015
20150116,8,2015
20150117,6,2015
20150118,5,2015
20150119,15,2015
20150120,18,2015
20150121,14,2015
20150122,9,2015
20150123,16,2015
20150124,10,2015
20150125,3,2015
20150126,13,2015
20150127,11,2015
20150128,17,2015
20150129,14,2015
20150130,10,2015
20150131,8,2015
20150201,86,2015
20150202,19,2015
20150203,8,2015
20150204,11,2015
20150205,10,2015
20150206,18,2015
20150207,9,2015
20150208,9,2015
20150209,17,2015
20150210,15,2015
20150211,12,2015
20150212,13,2015
20150213,9,2015
20150214,12,2015
20150215,7,2015
20150216,6,2015
20150217,8,2015
20150218,11,2015
20150219,17,2015
20150220,21,2015
20150221,8,2015
20150222,8,2015
20150223,13,2015
20150224,9,2015
20150225,10,2015
20150226,11,2015
20150227,8,2015
20150228,44,2015
20150301,66,2015
20150302,19,2015
20150303,12,2015
20150304,13,2015
20150305,12,2015
20150306,11,2015
20150307,13,2015
20150308,7,2015
20150309,15,2015
20150310,18,2015
20150311,7,2015
20150312,13,2015
20150313,11,2015
20150314,10,2015
20150315,23,2015
20150316,3,2015
20150317,14,2015
20150318,19,2015
20150319,17,2015
20150320,18,2015
20150321,13,2015
20150322,10,2015
20150323,18,2015
20150324,7,2015
20150325,11,2015
20150326,7,2015
20150327,9,2015
20150328,6,2015
20150329,14,2015
20150330,15,2015
20150331,13,2015
20150401,71,2015
20150402,20,2015
20150403,18,2015
20150404,12,2015
20150405,22,2015
20150406,13,2015
20150407,21,2015
20150408,24,2015
20150409,15,2015
20150410,14,2015
20150411,4,2015
20150412,9,2015
20150413,11,2015
20150414,8,2015
20150415,16,2015
20150416,14,2015
20150417,8,2015
20150418,13,2015
20150419,10,2015
20150420,12,2015
20150421,9,2015
20150422,9,2015
20150423,7,2015
20150424,7,2015
20150425,4,2015
20150426,18,2015
20150427,11,2015
20150428,5,2015
20150429,8,2015
20150430,6,2015
20150501,88,2015
20150502,5,2015
20150503,5,2015
20150504,7,2015
20150505,8,2015
20150506,6,2015
20150507,9,2015
20150508,14,2015
20150509,2,2015
20150510,18,2015
20150511,13,2015
20150512,9,2015
20150513,6,2015
20150514,14,2015
20150515,14,2015
20150516,15,2015
20150517,8,2015
20150518,10,2015
20150519,12,2015
20150520,28,2015
20150521,7,2015
20150522,2,2015
20150523,5,2015
20150524,8,2015
20150525,12,2015
20150526,13,2015
20150527,11,2015
20150528,7,2015
20150529,12,2015
20150530,4,2015
20150531,9,2015
20150601,74,2015
20150602,9,2015
20150603,7,2015
20150604,10,2015
20150605,11,2015
20150606,4,2015
20150607,3,2015
20150608,12,2015
20150609,8,2015
20150610,26,2015
20150611,10,2015
20150612,24,2015
20150613,13,2015
20150614,8,2015
20150615,26,2015
20150616,10,2015
20150617,16,2015
20150618,5,2015
20150619,7,2015
20150620,10,2015
20150621,7,2015
20150622,6,2015
20150623,11,2015
20150624,6,2015
20150625,8,2015
20150626,9,2015
20150628,14,2015
20150629,9,2015
20150630,8,2015
20150701,82,2015
20150702,9,2015
20150703,13,2015
20150704,1,2015
20150705,6,2015
20150706,14,2015
20150707,10,2015
20150708,10,2015
20150709,9,2015
20150710,11,2015
20150711,9,2015
20150712,6,2015
20150713,7,2015
20150714,9,2015
20150715,17,2015
20150716,7,2015
20150717,14,2015
20150718,8,2015
20150719,4,2015
20150720,16,2015
20150721,9,2015
20150722,6,2015
20150723,9,2015
20150724,12,2015
20150725,5,2015
20150726,3,2015
20150727,9,2015
20150728,17,2015
20150729,5,2015
20150730,7,2015
20150731,4,2015
20150801,80,2015
20150802,8,2015
20150803,17,2015
20150804,11,2015
20150805,8,2015
20150806,11,2015
20150807,11,2015
20150808,8,2015
20150809,7,2015
20150810,14,2015
20150811,11,2015
20150812,13,2015
20150813,14,2015
20150814,2,2015
20150815,7,2015
20150816,9,2015
20150817,11,2015
20150818,14,2015
20150819,7,2015
20150820,13,2015
20150821,8,2015
20150822,19,2015
20150823,6,2015
20150824,11,2015
20150825,6,2015
20150826,10,2015
20150827,11,2015
20150828,15,2015
20150829,5,2015
20150830,5,2015
20150831,24,2015
20150901,74,2015
20150902,10,2015
20150903,11,2015
20150904,7,2015
20150905,9,2015
20150906,9,2015
20150907,20,2015
20150908,9,2015
20150909,17,2015
20150910,19,2015
20150911,14,2015
20150912,10,2015
20150913,12,2015
20150914,17,2015
20150915,25,2015
20150916,14,2015
20150917,9,2015
20150918,5,2015
20150919,17,2015
20150920,13,2015
20150921,19,2015
20150922,12,2015
20150923,11,2015
20150924,20,2015
20150925,20,2015
20150926,21,2015
20150927,11,2015
20150928,14,2015
20150929,12,2015
20150930,14,2015
20151001,70,2015
20151002,14,2015
20151003,13,2015
20151004,10,2015
20151005,18,2015
20151006,10,2015
20151007,16,2015
20151008,5,2015
20151009,9,2015
20151010,5,2015
20151011,5,2015
20151012,18,2015
20151013,13,2015
20151014,7,2015
20151015,17,2015
20151016,12,2015
20151017,9,2015
20151018,5,2015
20151019,13,2015
20151020,10,2015
20151021,5,2015
20151022,2,2015
20151023,6,2015
20151024,7,2015
20151025,8,2015
20151026,9,2015
20151027,6,2015
20151028,7,2015
20151029,11,2015
20151030,9,2015
20151031,8,2015
20151101,66,2015
20151102,17,2015
20151103,10,2015
20151104,14,2015
20151105,10,2015
20151106,2,2015
20151107,5,2015
20151108,4,2015
20151109,6,2015
20151110,11,2015
20151111,7,2015
20151112,9,2015
20151113,3,2015
20151114,7,2015
20151115,10,2015
20151116,7,2015
20151117,10,2015
20151118,10,2015
20151119,9,2015
20151120,21,2015
20151121,10,2015
20151122,9,2015
20151123,10,2015
20151124,12,2015
20151125,8,2015
20151126,5,2015
20151127,2,2015
20151128,4,2015
20151129,3,2015
20151130,9,2015
20151201,62,2015
20151202,9,2015
20151203,14,2015
20151204,6,2015
20151205,8,2015
20151206,9,2015
20151207,13,2015
20151208,8,2015
20151209,12,2015
20151210,8,2015
20151211,12,2015
20151212,6,2015
20151213,8,2015
20151214,11,2015
20151215,13,2015
20151216,4,2015
20151217,8,2015
20151218,17,2015
20151219,11,2015
20151220,4,2015
20151221,8,2015
20151222,5,2015
20151223,8,2015
20151224,15,2015
20151225,9,2015
20151226,14,2015
20151227,3,2015
20151228,14,2015
20151229,12,2015
20151230,9,2015
20151231,16,2015
20160101,195,2016
20160102,20,2016
20160103,10,2016
20160104,18,2016
20160105,18,2016
20160106,8,2016
20160107,14,2016
20160108,8,2016
20160109,12,2016
20160110,8,2016
20160111,17,2016
20160112,13,2016
20160113,12,2016
20160114,16,2016
20160115,22,2016
20160116,9,2016
20160117,9,2016
20160118,10,2016
20160119,12,2016
20160120,21,2016
20160121,13,2016
20160122,14,2016
20160123,11,2016
20160124,6,2016
20160125,13,2016
20160126,9,2016
20160127,7,2016
20160128,12,2016
20160129,11,2016
20160130,12,2016
20160131,10,2016
20160201,83,2016
20160202,21,2016
20160203,16,2016
20160204,11,2016
20160205,13,2016
20160206,8,2016
20160207,13,2016
20160208,19,2016
20160209,15,2016
20160210,11,2016
20160211,11,2016
20160212,13,2016
20160213,5,2016
20160214,11,2016
20160215,11,2016
20160216,7,2016
20160217,6,2016
20160218,9,2016
20160219,5,2016
20160220,7,2016
20160221,5,2016
20160222,13,2016
20160223,11,2016
20160224,5,2016
20160225,14,2016
20160226,11,2016
20160227,13,2016
20160228,7,2016
20160229,13,2016
20160301,75,2016
20160302,8,2016
20160303,11,2016
20160304,17,2016
20160305,10,2016
20160306,9,2016
20160307,16,2016
20160308,16,2016
20160309,8,2016
20160310,18,2016
20160311,12,2016
20160312,10,2016
20160313,11,2016
20160314,10,2016
20160315,10,2016
20160316,9,2016
20160317,9,2016
20160318,12,2016
20160319,10,2016
20160320,14,2016
20160321,10,2016
20160322,10,2016
20160323,9,2016
20160324,12,2016
20160325,12,2016
20160326,6,2016
20160327,4,2016
20160328,15,2016
20160329,12,2016
20160330,15,2016
20160331,13,2016
20160401,77,2016
20160402,10,2016
20160403,11,2016
20160404,21,2016
20160405,6,2016
20160406,14,2016
20160407,12,2016
20160408,11,2016
20160409,10,2016
20160410,9,2016
20160411,11,2016
20160412,14,2016
20160413,12,2016
20160414,16,2016
20160415,17,2016
20160416,7,2016
20160417,3,2016
20160418,16,2016
20160419,11,2016
20160420,21,2016
20160421,10,2016
20160422,8,2016
20160423,8,2016
20160424,8,2016
20160425,7,2016
20160426,18,2016
20160427,12,2016
20160428,7,2016
20160429,17,2016
20160430,3,2016
20160501,60,2016
20160502,23,2016
20160503,11,2016
20160504,10,2016
20160505,16,2016
20160506,7,2016
20160507,9,2016
20160508,1,2016
20160509,14,2016
20160510,20,2016
20160511,7,2016
20160512,18,2016
20160513,19,2016
20160514,6,2016
20160515,7,2016
20160516,13,2016
20160517,11,2016
20160518,13,2016
20160519,10,2016
20160520,10,2016
20160521,10,2016
20160522,10,2016
20160523,9,2016
20160524,12,2016
20160525,13,2016
20160526,6,2016
20160527,9,2016
20160528,4,2016
20160529,4,2016
20160530,8,2016
20160531,12,2016
20160601,83,2016
20160602,13,2016
20160603,12,2016
20160604,5,2016
20160605,6,2016
20160606,18,2016
20160607,15,2016
20160608,11,2016
20160609,10,2016
20160610,14,2016
20160611,6,2016
20160612,9,2016
20160613,6,2016
20160614,6,2016
20160615,21,2016
20160616,11,2016
20160617,8,2016
20160618,13,2016
20160619,9,2016
20160620,16,2016
20160621,7,2016
20160622,8,2016
20160623,9,2016
20160624,7,2016
20160625,3,2016
20160626,14,2016
20160627,8,2016
20160628,13,2016
20160629,8,2016
20160630,6,2016
20160701,77,2016
20160702,11,2016
20160703,8,2016
20160704,7,2016
20160705,11,2016
20160706,8,2016
20160707,7,2016
20160708,16,2016
20160709,6,2016
20160710,7,2016
20160711,15,2016
20160712,10,2016
20160713,22,2016
20160714,22,2016
20160715,19,2016
20160716,20,2016
20160717,5,2016
20160718,16,2016
20160719,13,2016
20160720,18,2016
20160721,18,2016
20160722,5,2016
20160723,3,2016
20160724,8,2016
20160725,17,2016
20160726,14,2016
20160727,11,2016
20160728,11,2016
20160729,13,2016
20160730,8,2016
20160731,12,2016
20160801,72,2016
20160802,15,2016
20160803,10,2016
20160804,10,2016
20160805,14,2016
20160806,2,2016
20160807,15,2016
20160808,15,2016
20160809,9,2016
20160810,16,2016
20160811,5,2016
20160812,19,2016
20160813,4,2016
20160814,10,2016
20160815,10,2016
20160816,6,2016
20160817,12,2016
20160818,15,2016
20160819,5,2016
20160820,12,2016
20160821,6,2016
20160822,8,2016
20160823,13,2016
20160824,18,2016
20160825,12,2016
20160826,6,2016
20160827,18,2016
20160828,10,2016
20160829,14,2016
20160830,5,2016
20160831,10,2016
20160901,46,2016
20160902,14,2016
20160903,7,2016
20160904,5,2016
20160905,12,2016
20160906,9,2016
20160907,5,2016
20160908,11,2016
20160909,5,2016
20160910,12,2016
20160911,7,2016
20160912,10,2016
20160913,17,2016
20160914,7,2016
20160915,11,2016
20160916,11,2016
20160917,7,2016
20160918,8,2016
20160919,12,2016
20160920,16,2016
20160921,15,2016
20160922,11,2016
20160923,15,2016
20160924,2,2016
20160925,3,2016
20160926,13,2016
20160927,9,2016
20160928,11,2016
20160929,8,2016
20160930,11,2016
20161001,56,2016
20161002,8,2016
20161003,7,2016
20161004,11,2016
20161005,8,2016
20161006,5,2016
20161007,11,2016
20161008,8,2016
20161009,11,2016
20161010,21,2016
20161011,13,2016
20161012,13,2016
20161013,14,2016
20161014,8,2016
20161015,9,2016
20161016,9,2016
20161017,14,2016
20161018,5,2016
20161019,14,2016
20161020,10,2016
20161021,6,2016
20161022,9,2016
20161023,9,2016
20161024,8,2016
20161025,9,2016
20161026,8,2016
20161027,4,2016
20161028,10,2016
20161029,7,2016
20161030,6,2016
20161031,16,2016
20161101,37,2016
20161102,8,2016
20161103,5,2016
20161104,9,2016
20161105,7,2016
20161106,7,2016
20161107,13,2016
20161108,7,2016
20161109,6,2016
20161110,7,2016
20161111,12,2016
20161112,9,2016
20161113,8,2016
20161114,9,2016
20161115,13,2016
20161116,10,2016
20161117,11,2016
20161118,18,2016
20161119,6,2016
20161120,10,2016
20161121,14,2016
20161122,10,2016
20161123,6,2016
20161124,10,2016
20161125,8,2016
20161126,6,2016
20161127,4,2016
20161128,12,2016
20161129,7,2016
20161130,7,2016
20161201,59,2016
20161202,17,2016
20161203,4,2016
20161204,6,2016
20161205,14,2016
20161206,16,2016
20161207,7,2016
20161208,7,2016
20161209,11,2016
20161210,12,2016
20161211,9,2016
20161212,11,2016
20161213,12,2016
20161214,10,2016
20161215,12,2016
20161216,10,2016
20161217,6,2016
20161218,5,2016
20161219,12,2016
20161220,12,2016
20161221,4,2016
20161222,13,2016
20161223,12,2016
20161224,11,2016
20161225,12,2016
20161226,11,2016
20161227,4,2016
20161228,9,2016
20161229,7,2016
20161230,8,2016
20161231,3,2016
20170101,129,2017
20170102,13,2017
20170103,13,2017
20170104,12,2017
20170105,14,2017
20170106,13,2017
20170107,12,2017
20170108,9,2017
20170109,11,2017
20170110,16,2017
20170111,19,2017
20170112,12,2017
20170113,9,2017
20170114,8,2017
20170115,12,2017
20170116,13,2017
20170117,8,2017
20170118,17,2017
20170119,7,2017
20170120,11,2017
20170121,6,2017
20170122,6,2017
20170123,14,2017
20170124,18,2017
20170125,12,2017
20170126,11,2017
20170127,9,2017
20170128,5,2017
20170129,8,2017
20170130,11,2017
20170131,7,2017
20170201,63,2017
20170202,10,2017
20170203,9,2017
20170204,12,2017
20170205,17,2017
20170206,14,2017
20170207,13,2017
20170208,6,2017
20170209,11,2017
20170210,12,2017
20170211,2,2017
20170212,8,2017
20170213,10,2017
20170214,14,2017
20170215,11,2017
20170216,11,2017
20170217,15,2017
20170218,17,2017
20170219,5,2017
20170220,12,2017
20170221,13,2017
20170222,9,2017
20170223,7,2017
20170224,9,2017
20170225,7,2017
20170226,9,2017
20170227,10,2017
20170228,11,2017
20170301,46,2017
20170302,7,2017
20170303,15,2017
20170304,5,2017
20170305,5,2017
20170306,8,2017
20170307,11,2017
20170308,9,2017
20170309,9,2017
20170310,18,2017
20170311,7,2017
20170312,9,2017
20170313,12,2017
20170314,11,2017
20170315,21,2017
20170316,10,2017
20170317,15,2017
20170318,5,2017
20170319,6,2017
20170320,16,2017
20170321,16,2017
20170322,8,2017
20170323,15,2017
20170324,8,2017
20170325,7,2017
20170326,6,2017
20170327,10,2017
20170328,5,2017
20170329,10,2017
20170330,8,2017
20170331,15,2017
20170401,49,2017
20170402,8,2017
20170403,19,2017
20170404,15,2017
20170405,11,2017
20170406,7,2017
20170407,19,2017
20170408,10,2017
20170409,8,2017
20170410,13,2017
20170411,11,2017
20170412,7,2017
20170413,7,2017
20170414,11,2017
20170415,10,2017
20170416,9,2017
20170417,11,2017
20170418,14,2017
20170419,6,2017
20170420,11,2017
20170421,7,2017
20170422,6,2017
20170423,7,2017
20170424,23,2017
20170425,7,2017
20170426,17,2017
20170427,9,2017
20170428,9,2017
20170429,11,2017
20170430,7,2017
20170501,60,2017
20170502,17,2017
20170503,17,2017
20170504,7,2017
20170505,15,2017
20170506,7,2017
20170507,5,2017
20170508,15,2017
20170509,13,2017
20170510,9,2017
20170511,7,2017
20170512,11,2017
20170513,8,2017
20170514,11,2017
20170515,13,2017
20170516,8,2017
20170517,9,2017
20170518,13,2017
20170519,10,2017
20170520,9,2017
20170521,3,2017
20170522,12,2017
20170523,10,2017
20170524,8,2017
20170525,5,2017
20170526,14,2017
20170527,10,2017
20170528,14,2017
20170529,10,2017
20170530,13,2017
20170531,7,2017
20170601,47,2017
20170602,9,2017
20170603,5,2017
20170604,11,2017
20170605,19,2017
20170606,8,2017
20170607,11,2017
20170608,7,2017
20170609,11,2017
20170610,11,2017
20170611,14,2017
20170612,9,2017
20170613,13,2017
20170614,14,2017
20170615,18,2017
20170616,9,2017
20170617,6,2017
20170618,8,2017
20170619,8,2017
20170620,20,2017
20170621,7,2017
20170622,14,2017
20170623,7,2017
20170624,10,2017
20170625,12,2017
20170626,8,2017
20170627,13,2017
20170628,12,2017
20170629,7,2017
20170630,11,2017
20170701,48,2017
20170702,7,2017
20170703,6,2017
20170704,8,2017
20170705,6,2017
20170706,9,2017
20170707,5,2017
20170708,12,2017
20170709,13,2017
20170710,16,2017
20170711,8,2017
20170712,7,2017
20170713,10,2017
20170714,6,2017
20170715,6,2017
20170716,15,2017
20170717,13,2017
20170718,9,2017
20170719,10,2017
20170720,13,2017
20170721,8,2017
20170722,5,2017
20170723,6,2017
20170724,9,2017
20170725,6,2017
20170726,7,2017
20170727,6,2017
20170728,9,2017
20170729,2,2017
20170730,5,2017
20170731,4,2017
20170801,46,2017
20170802,15,2017
20170803,8,2017
20170804,8,2017
20170805,5,2017
20170806,6,2017
20170807,6,2017
20170808,8,2017
20170809,14,2017
20170810,5,2017
20170811,13,2017
20170812,5,2017
20170813,7,2017
20170814,8,2017
20170815,11,2017
20170816,14,2017
20170817,7,2017
20170818,6,2017
20170819,2,2017
20170820,12,2017
20170821,5,2017
20170822,12,2017
20170823,11,2017
20170824,9,2017
20170825,4,2017
20170826,5,2017
20170827,6,2017
20170828,9,2017
20170829,8,2017
20170830,11,2017
20170831,7,2017
20170901,41,2017
20170902,5,2017
20170903,4,2017
20170904,5,2017
20170905,8,2017
20170906,6,2017
20170907,5,2017
20170908,7,2017
20170909,3,2017
20170910,8,2017
20170911,10,2017
20170912,11,2017
20170913,7,2017
20170914,7,2017
20170915,11,2017
20170916,5,2017
20170917,5,2017
20170918,9,2017
20170919,8,2017
20170920,13,2017
20170921,6,2017
20170922,7,2017
20170923,3,2017
20170924,4,2017
20170925,9,2017
20170926,6,2017
20170927,9,2017
20170928,5,2017
20170929,3,2017
20170930,4,2017
20171001,53,2017
20171002,15,2017
20171003,8,2017
20171004,6,2017
20171005,7,2017
20171006,5,2017
20171007,6,2017
20171008,7,2017
20171009,9,2017
20171010,6,2017
20171011,6,2017
20171012,6,2017
20171013,6,2017
20171014,6,2017
20171015,14,2017
20171016,13,2017
20171017,7,2017
20171018,5,2017
20171019,7,2017
20171020,8,2017
20171021,4,2017
20171022,6,2017
20171023,6,2017
20171024,3,2017
20171025,10,2017
20171026,12,2017
20171027,10,2017
20171028,2,2017
20171029,7,2017
20171030,13,2017
20171031,7,2017
20171101,50,2017
20171102,10,2017
20171103,8,2017
20171104,6,2017
20171105,6,2017
20171106,6,2017
20171107,15,2017
20171108,6,2017
20171109,8,2017
20171110,8,2017
20171111,7,2017
20171112,6,2017
20171113,5,2017
20171114,6,2017
20171115,25,2017
20171116,12,2017
20171117,12,2017
20171118,5,2017
20171119,1,2017
20171120,13,2017
20171121,16,2017
20171122,3,2017
20171123,9,2017
20171124,11,2017
20171125,10,2017
20171126,3,2017
20171127,13,2017
20171128,5,2017
20171129,7,2017
20171130,13,2017
20171201,72,2017
20171202,7,2017
20171203,4,2017
20171204,6,2017
20171205,4,2017
20171206,7,2017
20171207,13,2017
20171208,12,2017
20171209,2,2017
20171210,2,2017
20171211,8,2017
20171212,15,2017
20171213,5,2017
20171214,6,2017
20171215,8,2017
20171216,5,2017
20171217,7,2017
20171218,8,2017
20171219,7,2017
20171220,9,2017
20171221,13,2017
20171222,11,2017
20171223,4,2017
20171224,6,2017
20171225,9,2017
20171226,10,2017
20171227,8,2017
20171228,13,2017
20171229,13,2017
20171230,8,2017
20171231,12,2017
20180101,217,2018
20180102,20,2018
20180103,15,2018
20180104,6,2018
20180105,9,2018
20180106,7,2018
20180107,8,2018
20180108,15,2018
20180109,8,2018
20180110,13,2018
20180111,21,2018
20180112,15,2018
20180113,5,2018
20180114,7,2018
20180115,17,2018
20180116,17,2018
20180117,5,2018
20180118,10,2018
20180119,10,2018
20180120,12,2018
20180121,9,2018
20180122,24,2018
20180123,9,2018
20180124,10,2018
20180125,14,2018
20180126,8,2018
20180127,10,2018
20180128,7,2018
20180129,13,2018
20180130,9,2018
20180131,12,2018
20180201,94,2018
20180202,11,2018
20180203,6,2018
20180204,7,2018
20180205,13,2018
20180206,7,2018
20180207,9,2018
20180208,8,2018
20180209,8,2018
20180210,11,2018
20180211,4,2018
20180212,16,2018
20180213,10,2018
20180214,10,2018
20180215,21,2018
20180216,8,2018
20180217,9,2018
20180218,3,2018
20180219,12,2018
20180220,14,2018
20180221,11,2018
20180222,8,2018
20180223,8,2018
20180224,5,2018
20180225,5,2018
20180226,12,2018
20180227,9,2018
20180228,12,2018
20180301,77,2018
20180302,9,2018
20180303,6,2018
20180304,7,2018
20180305,12,2018
20180306,9,2018
20180307,16,2018
20180308,6,2018
20180309,8,2018
20180310,6,2018
20180311,11,2018
20180312,12,2018
20180313,6,2018
20180314,10,2018
20180315,17,2018
20180316,15,2018
20180317,8,2018
20180318,12,2018
20180319,15,2018
20180320,10,2018
20180321,7,2018
20180322,8,2018
20180323,8,2018
20180324,7,2018
20180325,8,2018
20180326,9,2018
20180327,17,2018
20180328,7,2018
20180329,9,2018
20180330,9,2018
20180331,14,2018
20180401,61,2018
20180402,10,2018
20180403,11,2018
20180404,4,2018
20180405,10,2018
20180406,7,2018
20180407,16,2018
20180408,11,2018
20180409,15,2018
20180410,13,2018
20180411,10,2018
20180412,11,2018
20180413,17,2018
20180414,13,2018
20180415,17,2018
20180416,13,2018
20180417,14,2018
20180418,5,2018
20180419,11,2018
20180420,12,2018
20180421,16,2018
20180422,7,2018
20180423,10,2018
20180424,11,2018
20180425,14,2018
20180426,6,2018
20180427,5,2018
20180428,5,2018
20180429,5,2018
20180430,15,2018
20180501,69,2018
20180502,12,2018
20180503,10,2018
20180504,6,2018
20180505,14,2018
20180506,9,2018
20180507,7,2018
20180508,3,2018
20180509,4,2018
20180510,12,2018
20180511,9,2018
20180512,7,2018
20180513,5,2018
20180514,8,2018
20180515,12,2018
20180516,4,2018
20180517,8,2018
20180518,16,2018
20180519,8,2018
20180520,6,2018
20180521,8,2018
20180522,8,2018
20180523,16,2018
20180524,6,2018
20180525,12,2018
20180526,4,2018
20180527,7,2018
20180528,11,2018
20180529,4,2018
20180530,6,2018
20180531,8,2018
20180601,56,2018
20180602,5,2018
20180603,3,2018
20180604,8,2018
20180605,10,2018
20180606,9,2018
20180607,3,2018
20180608,6,2018
20180609,6,2018
20180610,10,2018
20180611,20,2018
20180612,10,2018
20180613,9,2018
20180614,12,2018
20180615,11,2018
20180616,4,2018
20180617,5,2018
20180618,11,2018
20180619,12,2018
20180620,6,2018
20180621,8,2018
20180622,6,2018
20180623,5,2018
20180624,4,2018
20180625,7,2018
20180626,12,2018
20180627,6,2018
20180628,10,2018
20180629,6,2018
20180630,3,2018
20180701,45,2018
20180702,11,2018
20180703,6,2018
20180704,5,2018
20180705,12,2018
20180706,15,2018
20180707,12,2018
20180708,5,2018
20180709,10,2018
20180710,6,2018
20180711,9,2018
20180712,7,2018
20180713,10,2018
20180714,4,2018
20180715,10,2018
20180716,16,2018
20180717,5,2018
20180718,8,2018
20180719,3,2018
20180720,19,2018
20180721,9,2018
20180722,6,2018
20180723,14,2018
20180724,8,2018
20180725,11,2018
20180726,11,2018
20180727,9,2018
20180728,8,2018
20180729,7,2018
20180730,5,2018
20180731,6,2018
20180801,58,2018
20180802,7,2018
20180803,7,2018
20180804,5,2018
20180805,14,2018
20180806,7,2018
20180807,13,2018
20180808,10,2018
20180809,12,2018
20180810,11,2018
20180811,11,2018
20180812,5,2018
20180813,8,2018
20180814,3,2018
20180815,13,2018
20180816,8,2018
20180817,8,2018
20180818,10,2018
20180819,5,2018
20180820,7,2018
20180821,7,2018
20180822,11,2018
20180823,13,2018
20180824,6,2018
20180825,13,2018
20180826,7,2018
20180827,7,2018
20180828,7,2018
20180829,5,2018
20180830,8,2018
20180831,6,2018
20180901,45,2018
20180902,8,2018
20180903,11,2018
20180904,8,2018
20180905,10,2018
20180906,4,2018
20180907,9,2018
20180908,6,2018
20180909,4,2018
20180910,7,2018
20180911,15,2018
20180912,7,2018
20180913,5,2018
20180914,13,2018
20180915,7,2018
20180916,7,2018
20180917,12,2018
20180918,9,2018
20180919,3,2018
20180920,7,2018
20180921,8,2018
20180922,4,2018
20180923,10,2018
20180924,9,2018
20180925,4,2018
20180926,5,2018
20180927,9,2018
20180928,8,2018
20180929,5,2018
20180930,5,2018
20181001,56,2018
20181002,11,2018
20181003,11,2018
20181004,2,2018
20181005,9,2018
20181006,8,2018
20181007,3,2018
20181008,7,2018
20181009,6,2018
20181010,10,2018
20181011,5,2018
20181012,5,2018
20181013,6,2018
20181014,3,2018
20181015,12,2018
20181016,7,2018
20181017,7,2018
20181018,3,2018
20181019,7,2018
20181020,13,2018
20181021,6,2018
20181022,11,2018
20181023,5,2018
20181024,9,2018
20181025,10,2018
20181026,6,2018
20181027,3,2018
20181028,5,2018
20181029,6,2018
20181030,9,2018
20181031,9,2018
20181101,63,2018
20181102,8,2018
20181103,2,2018
20181104,6,2018
20181105,12,2018
20181106,5,2018
20181107,7,2018
20181108,7,2018
20181109,7,2018
20181110,12,2018
20181111,6,2018
20181112,12,2018
20181113,9,2018
20181114,11,2018
20181115,9,2018
20181116,10,2018
20181117,9,2018
20181118,9,2018
20181119,11,2018
20181120,10,2018
20181121,6,2018
20181122,6,2018
20181123,4,2018
20181124,6,2018
20181125,5,2018
20181126,11,2018
20181127,3,2018
20181128,9,2018
20181129,9,2018
20181130,15,2018
20181201,55,2018
20181202,7,2018
20181203,16,2018
20181204,5,2018
20181205,4,2018
20181206,5,2018
20181207,7,2018
20181208,8,2018
20181209,4,2018
20181210,8,2018
20181211,5,2018
20181212,12,2018
20181213,8,2018
20181214,4,2018
20181215,8,2018
20181216,13,2018
20181217,6,2018
20181218,3,2018
20181219,10,2018
20181220,13,2018
20181221,6,2018
20181222,7,2018
20181223,4,2018
20181224,8,2018
20181225,6,2018
20181226,8,2018
20181227,9,2018
20181228,2,2018
20181229,5,2018
20181230,4,2018
20181231,5,2018
20190101,163,2019
20190102,12,2019
20190103,7,2019
20190104,4,2019
20190105,14,2019
20190106,6,2019
20190107,10,2019
20190108,10,2019
20190109,8,2019
20190110,15,2019
20190111,7,2019
20190112,12,2019
20190113,4,2019
20190114,12,2019
20190115,16,2019
20190116,8,2019
20190117,12,2019
20190118,12,2019
20190119,6,2019
20190120,11,2019
20190121,16,2019
20190122,3,2019
20190123,7,2019
20190124,6,2019
20190125,11,2019
20190126,7,2019
20190127,9,2019
20190128,16,2019
20190129,10,2019
20190130,12,2019
20190131,10,2019
20190201,58,2019
20190202,9,2019
20190203,12,2019
20190204,16,2019
20190205,8,2019
20190206,9,2019
20190207,10,2019
20190208,7,2019
20190209,4,2019
20190210,13,2019
20190211,12,2019
20190212,12,2019
20190213,8,2019
20190214,15,2019
20190215,14,2019
20190216,7,2019
20190217,6,2019
20190218,11,2019
20190219,9,2019
20190220,15,2019
20190221,7,2019
20190222,7,2019
20190223,5,2019
20190224,9,2019
20190225,7,2019
20190226,7,2019
20190227,7,2019
20190228,12,2019
20190301,64,2019
20190302,8,2019
20190303,8,2019
20190304,12,2019
20190305,7,2019
20190306,11,2019
20190307,9,2019
20190308,17,2019
20190309,6,2019
20190310,7,2019
20190311,14,2019
20190312,12,2019
20190313,7,2019
20190314,10,2019
20190315,11,2019
20190316,5,2019
20190317,13,2019
20190318,8,2019
20190319,11,2019
20190320,4,2019
20190321,9,2019
20190322,14,2019
20190323,5,2019
20190324,12,2019
20190325,14,2019
20190326,6,2019
20190327,4,2019
20190328,4,2019
20190329,11,2019
20190330,14,2019
20190331,11,2019
20190401,51,2019
20190402,14,2019
20190403,8,2019
20190404,11,2019
20190405,9,2019
20190406,6,2019
20190407,6,2019
20190408,12,2019
20190409,8,2019
20190410,11,2019
20190411,2,2019
20190412,9,2019
20190413,4,2019
20190414,9,2019
20190415,12,2019
20190416,10,2019
20190417,8,2019
20190418,9,2019
20190419,12,2019
20190420,10,2019
20190421,8,2019
20190422,6,2019
20190423,6,2019
20190424,10,2019
20190425,4,2019
20190426,3,2019
20190427,5,2019
20190428,8,2019
20190429,7,2019
20190430,13,2019
20190501,57,2019
20190502,5,2019
20190503,6,2019
20190504,3,2019
20190505,9,2019
20190506,6,2019
20190507,9,2019
20190508,5,2019
20190509,8,2019
20190510,12,2019
20190511,2,2019
20190512,5,2019
20190513,9,2019
20190514,9,2019
20190515,13,2019
20190516,4,2019
20190517,5,2019
20190518,8,2019
20190519,6,2019
20190520,16,2019
20190521,6,2019
20190522,7,2019
20190523,6,2019
20190524,6,2019
20190525,9,2019
20190526,3,2019
20190527,3,2019
20190528,10,2019
20190529,9,2019
20190530,4,2019
20190531,9,2019
20190601,40,2019
20190602,10,2019
20190603,13,2019
20190604,11,2019
20190605,12,2019
20190606,19,2019
20190607,17,2019
20190608,14,2019
20190609,8,2019
20190610,20,2019
20190611,17,2019
20190612,10,2019
20190613,7,2019
20190614,7,2019
20190615,9,2019
20190616,7,2019
20190617,9,2019
20190618,6,2019
20190619,10,2019
20190620,3,2019
20190621,6,2019
20190622,3,2019
20190623,6,2019
20190624,10,2019
20190625,11,2019
20190626,4,2019
20190627,9,2019
20190628,6,2019
20190629,8,2019
20190630,9,2019
20190701,64,2019
20190702,12,2019
20190703,10,2019
20190704,2,2019
20190705,6,2019
20190706,5,2019
20190707,6,2019
20190708,5,2019
20190709,6,2019
20190710,12,2019
20190711,8,2019
20190712,7,2019
20190713,3,2019
20190714,6,2019
20190715,18,2019
20190716,7,2019
20190717,14,2019
20190718,11,2019
20190719,11,2019
20190720,13,2019
20190721,10,2019
20190722,10,2019
20190723,4,2019
20190724,7,2019
20190725,8,2019
20190726,12,2019
20190727,8,2019
20190728,8,2019
20190729,19,2019
20190730,11,2019
20190731,9,2019
20190801,37,2019
20190802,9,2019
20190803,8,2019
20190804,2,2019
20190805,10,2019
20190806,12,2019
20190807,11,2019
20190808,8,2019
20190809,6,2019
20190810,5,2019
20190811,8,2019
20190812,7,2019
20190813,8,2019
20190814,16,2019
20190815,11,2019
20190816,8,2019
20190817,4,2019
20190818,5,2019
20190819,11,2019
20190820,10,2019
20190821,3,2019
20190822,7,2019
20190823,9,2019
20190824,4,2019
20190825,6,2019
20190826,9,2019
20190827,7,2019
20190828,8,2019
20190829,4,2019
20190830,9,2019
20190831,3,2019
20190901,36,2019
20190902,11,2019
20190903,9,2019
20190904,7,2019
20190905,12,2019
20190906,6,2019
20190907,10,2019
20190908,5,2019
20190909,12,2019
20190910,8,2019
20190911,8,2019
20190912,7,2019
20190913,4,2019
20190914,14,2019
20190915,6,2019
20190916,10,2019
20190917,10,2019
20190918,7,2019
20190919,10,2019
20190920,11,2019
20190921,2,2019
20190922,9,2019
20190923,7,2019
20190924,6,2019
20190925,6,2019
20190926,9,2019
20190927,4,2019
20190928,5,2019
20190929,3,2019
20190930,11,2019
20191001,58,2019
20191002,9,2019
20191003,10,2019
20191004,7,2019
20191005,3,2019
20191006,11,2019
20191007,4,2019
20191008,3,2019
20191009,2,2019
20191010,9,2019
20191011,3,2019
20191012,9,2019
20191013,6,2019
20191014,7,2019
20191015,16,2019
20191016,11,2019
20191017,10,2019
20191018,6,2019
20191019,10,2019
20191020,8,2019
20191021,4,2019
20191022,8,2019
20191023,1,2019
20191024,4,2019
20191025,11,2019
20191026,4,2019
20191027,5,2019
20191028,8,2019
20191029,3,2019
20191030,12,2019
20191031,15,2019
20191101,50,2019
20191102,6,2019
20191103,6,2019
20191104,5,2019
20191105,4,2019
20191106,4,2019
20191107,10,2019
20191108,3,2019
20191109,6,2019
20191110,9,2019
20191111,15,2019
20191112,8,2019
20191113,10,2019
20191114,9,2019
20191115,14,2019
20191116,5,2019
20191117,9,2019
20191118,11,2019
20191119,3,2019
20191120,11,2019
20191121,12,2019
20191122,13,2019
20191123,8,2019
20191124,2,2019
20191125,6,2019
20191126,5,2019
20191127,11,2019
20191128,5,2019
20191129,9,2019
20191130,8,2019
20191201,45,2019
20191202,13,2019
20191203,14,2019
20191204,6,2019
20191205,5,2019
20191206,5,2019
20191207,6,2019
20191208,4,2019
20191209,8,2019
20191210,11,2019
20191211,7,2019
20191212,8,2019
20191213,6,2019
20191214,5,2019
20191215,13,2019
20191216,12,2019
20191217,6,2019
20191218,10,2019
20191219,7,2019
20191220,5,2019
20191221,1,2019
20191222,8,2019
20191223,3,2019
20191224,7,2019
20191225,5,2019
20191226,5,2019
20191227,11,2019
20191228,13,2019
20191229,6,2019
20191230,4,2019
20191231,10,2019
