"time","count"
"19190620",1
"19191125",1
"19500501",1
"19561106",1
"19600314",1
"19670117",1
"19711005",1
"19740101",2
"19750101",2
"19750801",1
"19760101",1
"19760901",1
"19770101",1
"19790101",3
"19790209",1
"19790601",1
"19791101",1
"19800923",1
"19801201",1
"19811101",1
"19811201",1
"19820101",1
"19820601",1
"19830101",4
"19830301",1
"19830515",1
"19830801",1
"19831013",1
"19840101",5
"19840601",1
"19840901",1
"19850101",4
"19850102",1
"19850115",1
"19850301",1
"19850320",1
"19850321",1
"19850423",1
"19850501",1
"19850523",1
"19850812",1
"19850923",1
"19851124",1
"19860101",2
"19860327",1
"19860514",1
"19860725",1
"19861028",1
"19870101",5
"19870407",1
"19870501",1
"19870803",1
"19871001",1
"19871201",1
"19880101",6
"19880526",1
"19880701",1
"19881123",1
"19890101",6
"19890113",1
"19890201",1
"19890214",1
"19890601",1
"19890724",1
"19890801",2
"19890817",1
"19891001",1
"19891101",1
"19891102",1
"19891127",1
"19900101",9
"19900201",1
"19900303",1
"19900306",1
"19900601",1
"19900701",1
"19900704",1
"19900901",1
"19900906",1
"19901201",1
"19910101",7
"19910201",1
"19910225",2
"19910304",1
"19910401",2
"19910501",2
"19910701",1
"19910801",1
"19910911",1
"19911001",1
"19911101",1
"19920101",7
"19920201",1
"19920320",1
"19920409",1
"19920501",1
"19920601",1
"19920714",1
"19920724",1
"19920801",1
"19920808",1
"19920817",1
"19921001",1
"19930101",8
"19930115",2
"19930201",1
"19930301",3
"19930423",1
"19930501",1
"19930507",1
"19930527",1
"19930601",1
"19930701",3
"19930801",1
"19930820",1
"19930821",1
"19930904",1
"19930923",1
"19930928",1
"19931115",1
"19931212",1
"19940101",11
"19940214",1
"19940216",1
"19940301",1
"19940401",2
"19940429",1
"19940501",6
"19940516",2
"19940519",1
"19940531",1
"19940601",2
"19940701",1
"19940801",1
"19940901",1
"19941001",2
"19941003",1
"19941020",1
"19941030",1
"19941101",1
"19941107",1
"19941123",1
"19950101",13
"19950201",1
"19950221",1
"19950222",1
"19950225",2
"19950301",2
"19950401",1
"19950418",1
"19950525",1
"19950601",2
"19950701",2
"19950710",1
"19950801",2
"19950929",1
"19951101",1
"19951201",4
"19951208",1
"19951218",1
"19951227",2
"19960101",13
"19960129",1
"19960201",2
"19960209",1
"19960221",2
"19960227",1
"19960301",1
"19960524",1
"19960618",1
"19960701",1
"19960801",2
"19960814",1
"19960914",1
"19961123",1
"19970101",24
"19970201",1
"19970331",1
"19970401",2
"19970414",1
"19970415",1
"19970416",1
"19970501",2
"19970528",2
"19970601",1
"19970707",1
"19970716",1
"19970719",1
"19970801",1
"19970901",2
"19970912",2
"19970916",1
"19971001",4
"19971027",1
"19971201",1
"19971205",1
"19971217",1
"19980101",25
"19980116",1
"19980220",1
"19980226",1
"19980301",4
"19980302",1
"19980313",1
"19980401",2
"19980406",1
"19980410",1
"19980423",1
"19980424",1
"19980501",2
"19980522",1
"19980601",3
"19980606",1
"19980701",1
"19980801",3
"19980814",1
"19980815",1
"19980901",2
"19980917",1
"19980918",1
"19981001",1
"19981003",1
"19981007",1
"19981028",1
"19981101",1
"19981102",1
"19981106",1
"19981109",1
"19981201",4
"19981207",1
"19981216",1
"19990101",27
"19990106",1
"19990119",1
"19990126",1
"19990211",1
"19990215",1
"19990218",1
"19990224",1
"19990301",2
"19990303",1
"19990304",1
"19990313",1
"19990326",1
"19990401",4
"19990409",1
"19990521",1
"19990601",1
"19990623",1
"19990701",4
"19990702",1
"19990710",2
"19990715",1
"19990727",1
"19990729",1
"19990801",1
"19990820",1
"19990911",1
"19991001",2
"19991008",1
"19991013",1
"19991027",1
"19991101",2
"19991104",1
"19991116",1
"19991122",1
"19991123",1
"19991201",1
"20000101",15
"20000121",1
"20000124",1
"20000125",1
"20000127",2
"20000201",3
"20000208",1
"20000210",1
"20000215",1
"20000301",5
"20000308",1
"20000405",1
"20000410",1
"20000413",1
"20000414",1
"20000425",1
"20000426",1
"20000429",1
"20000501",4
"20000504",1
"20000512",1
"20000515",1
"20000520",1
"20000525",1
"20000528",1
"20000601",4
"20000602",1
"20000607",1
"20000611",1
"20000627",1
"20000701",3
"20000801",5
"20000809",1
"20000811",1
"20000901",6
"20001001",4
"20001003",1
"20001020",2
"20001026",1
"20001101",6
"20001107",1
"20001114",1
"20001130",1
"20001201",5
"20001205",1
"20001207",1
"20001228",1
"20010101",38
"20010102",1
"20010107",2
"20010110",1
"20010126",1
"20010127",1
"20010201",2
"20010206",1
"20010209",1
"20010301",5
"20010309",1
"20010313",1
"20010317",1
"20010325",1
"20010401",2
"20010405",1
"20010411",2
"20010415",1
"20010419",1
"20010501",2
"20010512",1
"20010517",1
"20010518",1
"20010521",1
"20010529",2
"20010601",7
"20010608",1
"20010618",1
"20010619",1
"20010621",1
"20010628",1
"20010701",4
"20010711",1
"20010719",2
"20010726",1
"20010727",2
"20010801",2
"20010803",1
"20010806",1
"20010831",1
"20010901",4
"20010905",1
"20010907",1
"20010910",1
"20010912",1
"20010914",1
"20010917",1
"20010920",1
"20010921",1
"20010924",2
"20011001",5
"20011024",2
"20011027",1
"20011101",2
"20011106",1
"20011109",1
"20011115",1
"20011122",1
"20011201",5
"20011203",1
"20011206",1
"20011220",1
"20020101",51
"20020102",1
"20020103",1
"20020112",1
"20020115",2
"20020201",3
"20020205",1
"20020216",1
"20020227",1
"20020301",7
"20020307",1
"20020322",1
"20020401",2
"20020404",1
"20020405",1
"20020410",1
"20020418",1
"20020501",10
"20020509",1
"20020515",1
"20020524",1
"20020601",2
"20020612",1
"20020613",1
"20020621",1
"20020622",1
"20020701",7
"20020704",1
"20020705",1
"20020717",1
"20020722",1
"20020801",5
"20020806",1
"20020809",1
"20020812",1
"20020814",2
"20020829",1
"20020901",2
"20020905",1
"20020907",2
"20020927",1
"20020928",1
"20021001",8
"20021004",1
"20021017",1
"20021030",1
"20021101",3
"20021105",1
"20021119",1
"20021201",3
"20021205",1
"20021209",1
"20021210",1
"20021213",1
"20021218",1
"20021219",2
"20021220",1
"20021223",1
"20021230",1
"20030101",49
"20030102",1
"20030103",1
"20030104",1
"20030106",1
"20030108",1
"20030115",1
"20030123",2
"20030124",1
"20030126",1
"20030131",1
"20030201",4
"20030202",2
"20030204",1
"20030210",1
"20030211",1
"20030216",1
"20030217",1
"20030223",1
"20030228",2
"20030301",4
"20030303",6
"20030304",1
"20030305",1
"20030307",4
"20030311",1
"20030312",1
"20030313",1
"20030315",1
"20030316",1
"20030319",2
"20030320",2
"20030324",2
"20030327",1
"20030331",1
"20030401",8
"20030403",1
"20030404",1
"20030407",1
"20030409",1
"20030414",1
"20030416",1
"20030417",3
"20030421",3
"20030424",1
"20030428",2
"20030430",1
"20030501",19
"20030509",1
"20030511",1
"20030514",1
"20030515",1
"20030522",1
"20030523",1
"20030524",1
"20030528",1
"20030529",1
"20030530",2
"20030531",1
"20030601",5
"20030602",1
"20030603",4
"20030605",1
"20030606",1
"20030609",2
"20030610",1
"20030612",1
"20030614",1
"20030615",1
"20030616",1
"20030621",1
"20030626",1
"20030627",1
"20030630",1
"20030701",8
"20030707",2
"20030709",1
"20030712",1
"20030715",1
"20030716",2
"20030717",2
"20030718",2
"20030720",1
"20030725",1
"20030726",1
"20030727",2
"20030728",1
"20030801",6
"20030803",1
"20030804",1
"20030805",1
"20030806",1
"20030807",1
"20030809",1
"20030810",1
"20030811",1
"20030813",1
"20030814",2
"20030815",2
"20030816",1
"20030821",2
"20030822",2
"20030823",1
"20030824",1
"20030825",1
"20030826",2
"20030829",2
"20030830",2
"20030901",6
"20030902",1
"20030903",2
"20030904",1
"20030905",3
"20030906",1
"20030907",1
"20030909",2
"20030910",1
"20030912",2
"20030915",1
"20030917",2
"20030919",3
"20030920",1
"20030921",4
"20030922",1
"20030923",1
"20030925",1
"20030927",1
"20030928",2
"20031001",8
"20031003",5
"20031004",3
"20031005",1
"20031006",1
"20031007",1
"20031009",1
"20031010",7
"20031012",1
"20031013",1
"20031015",1
"20031016",2
"20031017",1
"20031020",4
"20031021",1
"20031022",1
"20031024",2
"20031025",1
"20031026",1
"20031027",3
"20031028",3
"20031029",1
"20031031",1
"20031101",12
"20031102",4
"20031103",1
"20031104",1
"20031105",2
"20031108",2
"20031110",1
"20031111",3
"20031112",3
"20031113",1
"20031115",2
"20031116",2
"20031117",3
"20031118",6
"20031119",3
"20031120",7
"20031121",3
"20031122",6
"20031123",3
"20031124",2
"20031126",1
"20031127",1
"20031128",1
"20031130",1
"20031201",7
"20031202",3
"20031203",5
"20031204",7
"20031205",2
"20031206",2
"20031207",1
"20031208",1
"20031209",1
"20031210",3
"20031211",1
"20031212",1
"20031213",1
"20031214",1
"20031215",10
"20031216",2
"20031217",1
"20031218",1
"20031219",3
"20031221",2
"20031222",3
"20031223",3
"20031224",2
"20031225",2
"20031226",3
"20031227",1
"20031228",2
"20031229",6
"20031230",3
"20031231",8
"20040101",64
"20040102",2
"20040103",1
"20040104",7
"20040105",2
"20040106",7
"20040107",3
"20040108",3
"20040109",5
"20040110",10
"20040111",20
"20040112",3
"20040113",4
"20040114",4
"20040115",5
"20040116",7
"20040117",2
"20040118",2
"20040119",10
"20040120",1
"20040121",4
"20040122",4
"20040123",3
"20040124",3
"20040125",5
"20040126",3
"20040127",6
"20040128",4
"20040129",6
"20040130",8
"20040131",17
"20040201",16
"20040202",2
"20040203",6
"20040204",1
"20040205",3
"20040206",4
"20040207",7
"20040208",2
"20040209",3
"20040210",1
"20040211",6
"20040212",5
"20040213",6
"20040214",7
"20040215",4
"20040216",5
"20040217",2
"20040218",7
"20040219",4
"20040220",3
"20040221",5
"20040222",4
"20040223",6
"20040224",5
"20040225",2
"20040226",4
"20040227",2
"20040228",3
"20040229",3
"20040301",12
"20040302",8
"20040303",3
"20040304",5
"20040305",4
"20040306",1
"20040307",4
"20040308",2
"20040309",6
"20040310",2
"20040311",6
"20040312",3
"20040313",4
"20040314",8
"20040315",6
"20040316",7
"20040317",5
"20040318",2
"20040319",6
"20040320",8
"20040321",4
"20040322",7
"20040323",6
"20040324",6
"20040325",6
"20040326",1
"20040327",3
"20040328",3
"20040329",7
"20040330",2
"20040331",1
"20040401",20
"20040402",8
"20040403",3
"20040404",3
"20040405",2
"20040406",5
"20040407",6
"20040408",2
"20040409",1
"20040410",5
"20040411",4
"20040412",2
"20040413",4
"20040414",1
"20040415",3
"20040416",8
"20040417",4
"20040418",7
"20040419",6
"20040420",6
"20040421",4
"20040423",2
"20040424",4
"20040425",5
"20040426",9
"20040427",3
"20040428",1
"20040429",1
"20040430",3
"20040501",10
"20040502",1
"20040503",9
"20040504",6
"20040505",6
"20040506",3
"20040507",9
"20040508",5
"20040509",1
"20040510",8
"20040511",8
"20040512",10
"20040513",4
"20040514",7
"20040515",5
"20040516",8
"20040517",7
"20040518",6
"20040520",2
"20040521",3
"20040522",3
"20040523",5
"20040524",5
"20040525",2
"20040526",3
"20040527",4
"20040528",4
"20040529",5
"20040530",4
"20040531",2
"20040601",11
"20040602",4
"20040603",4
"20040607",4
"20040609",1
"20040610",3
"20040611",2
"20040612",7
"20040613",3
"20040614",2
"20040615",6
"20040616",8
"20040617",5
"20040618",2
"20040619",1
"20040620",4
"20040621",4
"20040622",3
"20040623",3
"20040624",4
"20040625",6
"20040626",5
"20040627",1
"20040628",10
"20040629",3
"20040630",1
"20040701",18
"20040702",6
"20040703",3
"20040704",4
"20040705",4
"20040706",8
"20040707",4
"20040708",4
"20040709",10
"20040710",10
"20040711",2
"20040712",6
"20040713",4
"20040714",1
"20040715",5
"20040716",1
"20040717",6
"20040718",4
"20040719",5
"20040720",11
"20040721",4
"20040722",5
"20040723",4
"20040724",7
"20040725",4
"20040726",7
"20040727",1
"20040728",4
"20040729",2
"20040730",5
"20040731",2
"20040801",9
"20040802",4
"20040803",6
"20040804",5
"20040805",2
"20040806",6
"20040808",6
"20040809",5
"20040810",5
"20040811",2
"20040812",3
"20040813",3
"20040814",5
"20040815",4
"20040816",5
"20040817",2
"20040818",4
"20040819",5
"20040820",5
"20040821",2
"20040822",7
"20040823",3
"20040824",4
"20040825",4
"20040826",2
"20040827",2
"20040828",1
"20040829",1
"20040830",1
"20040831",3
"20040901",22
"20040902",5
"20040903",2
"20040904",3
"20040905",1
"20040906",4
"20040907",5
"20040908",9
"20040909",6
"20040910",4
"20040911",2
"20040912",1
"20040913",3
"20040914",3
"20040915",2
"20040917",2
"20040918",4
"20040919",1
"20040920",6
"20040921",8
"20040922",1
"20040923",5
"20040924",2
"20040925",1
"20040926",1
"20040927",3
"20040928",3
"20040929",3
"20040930",6
"20041001",19
"20041002",2
"20041003",2
"20041004",3
"20041005",4
"20041006",5
"20041007",2
"20041008",2
"20041009",3
"20041010",4
"20041012",8
"20041013",2
"20041014",2
"20041015",2
"20041016",1
"20041017",5
"20041018",1
"20041019",3
"20041020",3
"20041022",2
"20041023",4
"20041024",5
"20041025",3
"20041026",4
"20041027",7
"20041028",3
"20041029",3
"20041030",3
"20041031",3
"20041101",17
"20041102",2
"20041103",2
"20041104",5
"20041105",2
"20041106",1
"20041107",2
"20041108",6
"20041109",2
"20041110",4
"20041111",3
"20041112",4
"20041113",2
"20041114",4
"20041115",7
"20041116",5
"20041117",4
"20041118",3
"20041119",9
"20041120",5
"20041121",3
"20041122",2
"20041123",1
"20041124",1
"20041125",4
"20041126",1
"20041128",1
"20041129",1
"20041130",6
"20041201",20
"20041202",2
"20041203",1
"20041204",2
"20041205",2
"20041206",5
"20041207",4
"20041208",3
"20041209",1
"20041210",5
"20041211",1
"20041212",6
"20041213",2
"20041214",4
"20041215",3
"20041217",2
"20041218",6
"20041220",3
"20041221",2
"20041222",1
"20041223",7
"20041224",4
"20041225",3
"20041226",2
"20041227",2
"20041228",1
"20041229",2
"20041230",3
"20041231",10
"20050101",66
"20050102",3
"20050103",8
"20050104",4
"20050105",3
"20050106",4
"20050107",8
"20050108",8
"20050109",2
"20050110",2
"20050111",5
"20050112",5
"20050113",3
"20050114",2
"20050115",2
"20050116",7
"20050117",2
"20050118",2
"20050119",4
"20050120",5
"20050121",7
"20050122",3
"20050123",6
"20050124",3
"20050125",7
"20050126",3
"20050127",3
"20050128",3
"20050129",4
"20050130",6
"20050131",6
"20050201",11
"20050202",4
"20050203",10
"20050204",3
"20050205",5
"20050206",5
"20050208",2
"20050210",4
"20050212",1
"20050213",3
"20050214",4
"20050215",1
"20050216",3
"20050217",4
"20050218",4
"20050219",2
"20050220",1
"20050221",6
"20050222",5
"20050223",4
"20050224",3
"20050226",4
"20050227",3
"20050228",5
"20050301",26
"20050302",5
"20050303",4
"20050304",3
"20050305",10
"20050306",2
"20050307",6
"20050308",7
"20050309",4
"20050310",1
"20050312",1
"20050313",3
"20050314",4
"20050315",2
"20050317",4
"20050318",6
"20050319",2
"20050320",3
"20050321",5
"20050322",6
"20050323",2
"20050324",5
"20050325",4
"20050326",1
"20050327",4
"20050328",6
"20050329",4
"20050330",2
"20050331",2
"20050401",12
"20050402",2
"20050403",1
"20050404",4
"20050405",4
"20050406",10
"20050408",4
"20050409",2
"20050411",6
"20050412",1
"20050413",2
"20050414",4
"20050415",1
"20050416",7
"20050417",2
"20050418",5
"20050419",3
"20050420",2
"20050421",1
"20050422",4
"20050423",2
"20050424",1
"20050425",3
"20050426",3
"20050427",3
"20050428",2
"20050429",7
"20050430",3
"20050501",11
"20050502",6
"20050503",5
"20050504",4
"20050505",11
"20050506",4
"20050507",1
"20050508",2
"20050509",3
"20050510",3
"20050511",1
"20050512",1
"20050513",4
"20050514",3
"20050515",7
"20050516",1
"20050517",4
"20050518",5
"20050519",3
"20050520",6
"20050521",1
"20050522",5
"20050523",1
"20050524",2
"20050525",5
"20050526",4
"20050527",6
"20050528",2
"20050530",5
"20050531",1
"20050601",15
"20050602",1
"20050603",2
"20050604",4
"20050605",3
"20050606",3
"20050607",2
"20050608",4
"20050609",1
"20050610",4
"20050611",4
"20050612",3
"20050613",2
"20050614",5
"20050615",5
"20050616",8
"20050617",2
"20050618",2
"20050621",3
"20050622",3
"20050623",7
"20050624",5
"20050625",2
"20050626",1
"20050627",2
"20050628",2
"20050629",6
"20050630",3
"20050701",12
"20050702",2
"20050703",2
"20050704",3
"20050705",7
"20050706",4
"20050707",5
"20050708",2
"20050709",2
"20050710",6
"20050711",4
"20050712",3
"20050714",6
"20050715",3
"20050716",2
"20050717",3
"20050718",3
"20050719",5
"20050720",4
"20050721",2
"20050722",2
"20050723",4
"20050724",1
"20050725",3
"20050726",5
"20050727",2
"20050728",5
"20050729",3
"20050730",2
"20050731",1
"20050801",9
"20050802",5
"20050803",5
"20050804",2
"20050805",2
"20050806",1
"20050808",4
"20050809",1
"20050810",4
"20050811",3
"20050812",6
"20050813",2
"20050814",3
"20050815",7
"20050816",3
"20050817",1
"20050818",4
"20050820",3
"20050821",1
"20050822",6
"20050823",3
"20050824",2
"20050825",5
"20050826",4
"20050827",2
"20050828",3
"20050829",5
"20050830",5
"20050831",5
"20050901",20
"20050902",2
"20050903",3
"20050904",2
"20050905",3
"20050906",1
"20050907",4
"20050908",2
"20050909",4
"20050911",2
"20050912",4
"20050913",2
"20050914",3
"20050915",2
"20050916",1
"20050917",1
"20050918",2
"20050919",1
"20050920",2
"20050921",5
"20050922",2
"20050923",4
"20050924",5
"20050925",11
"20050926",5
"20050927",3
"20050928",3
"20050929",3
"20050930",3
"20051001",18
"20051002",4
"20051003",11
"20051004",1
"20051005",1
"20051006",3
"20051007",3
"20051008",4
"20051010",5
"20051011",4
"20051012",4
"20051013",1
"20051014",4
"20051015",5
"20051016",6
"20051017",6
"20051018",3
"20051019",2
"20051020",5
"20051022",2
"20051023",3
"20051024",5
"20051025",3
"20051026",2
"20051027",5
"20051028",4
"20051029",2
"20051030",3
"20051031",4
"20051101",13
"20051102",2
"20051104",1
"20051105",4
"20051107",8
"20051108",3
"20051109",1
"20051110",3
"20051111",1
"20051113",1
"20051114",3
"20051115",6
"20051116",3
"20051117",4
"20051118",1
"20051119",1
"20051120",1
"20051121",4
"20051123",1
"20051124",4
"20051125",1
"20051126",1
"20051127",1
"20051128",4
"20051129",5
"20051130",9
"20051201",9
"20051202",2
"20051203",2
"20051205",5
"20051206",2
"20051207",4
"20051208",3
"20051209",3
"20051210",1
"20051211",3
"20051213",3
"20051214",2
"20051215",4
"20051216",1
"20051217",2
"20051218",1
"20051219",7
"20051220",3
"20051221",5
"20051222",3
"20051223",4
"20051224",2
"20051225",2
"20051226",3
"20051227",2
"20051228",3
"20051229",2
"20051230",3
"20051231",4
"20060101",71
"20060102",4
"20060103",4
"20060104",6
"20060105",4
"20060106",1
"20060108",1
"20060109",5
"20060110",7
"20060111",7
"20060112",3
"20060113",3
"20060114",2
"20060115",1
"20060116",1
"20060117",7
"20060118",2
"20060119",5
"20060120",6
"20060121",4
"20060122",2
"20060123",2
"20060124",3
"20060125",4
"20060126",6
"20060127",2
"20060128",1
"20060129",2
"20060130",1
"20060131",8
"20060201",16
"20060202",5
"20060203",1
"20060204",4
"20060205",4
"20060207",3
"20060208",2
"20060209",3
"20060210",2
"20060211",2
"20060212",2
"20060213",6
"20060214",4
"20060215",2
"20060216",4
"20060217",2
"20060218",3
"20060219",3
"20060220",4
"20060221",1
"20060222",3
"20060223",1
"20060225",2
"20060226",1
"20060227",5
"20060228",6
"20060301",13
"20060302",3
"20060303",5
"20060304",3
"20060305",1
"20060306",9
"20060307",3
"20060308",1
"20060309",4
"20060310",5
"20060312",2
"20060313",2
"20060314",3
"20060315",3
"20060316",4
"20060317",3
"20060318",4
"20060319",1
"20060320",7
"20060321",1
"20060322",4
"20060323",4
"20060324",5
"20060325",4
"20060326",4
"20060327",1
"20060328",3
"20060329",2
"20060330",3
"20060331",1
"20060401",16
"20060402",5
"20060403",5
"20060404",5
"20060405",4
"20060406",8
"20060407",1
"20060408",1
"20060409",2
"20060410",3
"20060412",4
"20060413",3
"20060414",3
"20060415",1
"20060416",3
"20060417",8
"20060418",2
"20060419",5
"20060420",7
"20060421",3
"20060422",1
"20060423",4
"20060424",3
"20060425",2
"20060426",4
"20060427",3
"20060428",5
"20060429",1
"20060430",3
"20060501",17
"20060502",2
"20060503",1
"20060504",7
"20060505",3
"20060506",4
"20060507",5
"20060508",4
"20060509",1
"20060510",4
"20060511",2
"20060512",3
"20060513",4
"20060514",5
"20060515",2
"20060516",6
"20060517",3
"20060518",22
"20060519",8
"20060520",5
"20060521",3
"20060522",2
"20060523",2
"20060524",3
"20060526",6
"20060527",3
"20060529",4
"20060530",1
"20060531",2
"20060601",18
"20060602",4
"20060603",4
"20060604",1
"20060605",2
"20060606",9
"20060607",4
"20060608",4
"20060609",1
"20060610",4
"20060611",7
"20060612",4
"20060613",1
"20060614",5
"20060615",2
"20060618",3
"20060619",3
"20060620",10
"20060622",3
"20060623",4
"20060624",3
"20060625",6
"20060626",5
"20060627",7
"20060628",2
"20060630",9
"20060701",11
"20060702",2
"20060703",3
"20060704",2
"20060705",6
"20060706",4
"20060707",3
"20060708",1
"20060709",1
"20060710",6
"20060711",2
"20060712",4
"20060714",5
"20060715",1
"20060716",4
"20060717",3
"20060718",3
"20060719",8
"20060720",1
"20060721",4
"20060722",1
"20060723",2
"20060724",8
"20060725",6
"20060726",5
"20060727",2
"20060728",2
"20060729",2
"20060730",3
"20060731",1
"20060801",13
"20060802",4
"20060803",2
"20060804",1
"20060805",4
"20060806",4
"20060807",7
"20060808",1
"20060809",4
"20060810",4
"20060811",3
"20060812",3
"20060813",1
"20060814",4
"20060815",4
"20060816",3
"20060818",5
"20060819",3
"20060820",3
"20060821",5
"20060822",6
"20060823",3
"20060824",7
"20060825",3
"20060826",5
"20060827",3
"20060828",6
"20060829",5
"20060830",6
"20060831",5
"20060901",19
"20060902",4
"20060903",5
"20060904",6
"20060905",6
"20060906",5
"20060907",10
"20060908",9
"20060909",11
"20060910",14
"20060911",7
"20060912",14
"20060913",15
"20060914",10
"20060915",17
"20060916",7
"20060917",4
"20060918",9
"20060919",5
"20060920",5
"20060922",4
"20060923",3
"20060924",4
"20060925",5
"20060926",5
"20060927",3
"20060928",5
"20060929",18
"20060930",4
"20061001",18
"20061002",2
"20061003",8
"20061004",1
"20061005",8
"20061006",2
"20061007",2
"20061008",3
"20061009",5
"20061010",8
"20061011",3
"20061012",4
"20061014",2
"20061015",6
"20061016",5
"20061017",3
"20061018",3
"20061019",2
"20061020",3
"20061021",1
"20061022",3
"20061023",7
"20061025",6
"20061026",2
"20061027",2
"20061028",2
"20061029",2
"20061030",1
"20061031",7
"20061101",20
"20061102",6
"20061103",14
"20061104",3
"20061105",2
"20061106",8
"20061107",5
"20061108",5
"20061109",7
"20061110",4
"20061111",2
"20061112",10
"20061113",4
"20061114",4
"20061115",1
"20061116",3
"20061117",4
"20061118",1
"20061119",2
"20061120",4
"20061121",8
"20061122",9
"20061123",1
"20061125",9
"20061126",4
"20061127",4
"20061128",1
"20061129",3
"20061130",2
"20061201",25
"20061202",3
"20061203",4
"20061204",6
"20061205",2
"20061206",1
"20061207",5
"20061208",4
"20061209",3
"20061210",5
"20061211",5
"20061212",6
"20061213",7
"20061214",11
"20061215",5
"20061216",7
"20061217",2
"20061218",7
"20061219",7
"20061220",6
"20061221",7
"20061222",1
"20061223",2
"20061224",3
"20061225",7
"20061226",4
"20061227",6
"20061228",5
"20061229",3
"20061230",3
"20070101",68
"20070102",11
"20070103",3
"20070104",5
"20070105",4
"20070106",3
"20070107",8
"20070108",4
"20070109",3
"20070110",3
"20070111",9
"20070112",9
"20070113",4
"20070114",4
"20070115",13
"20070116",5
"20070117",5
"20070118",8
"20070119",6
"20070120",10
"20070121",4
"20070122",7
"20070123",7
"20070124",7
"20070125",13
"20070126",7
"20070127",2
"20070128",7
"20070129",11
"20070130",10
"20070131",8
"20070201",37
"20070202",6
"20070203",12
"20070204",9
"20070205",16
"20070206",11
"20070207",15
"20070208",19
"20070209",18
"20070210",28
"20070211",30
"20070212",39
"20070213",28
"20070214",44
"20070215",27
"20070216",19
"20070217",9
"20070218",2
"20070219",11
"20070220",11
"20070221",7
"20070222",4
"20070223",5
"20070224",2
"20070226",8
"20070227",7
"20070228",4
"20070301",21
"20070302",6
"20070303",5
"20070304",3
"20070305",3
"20070306",6
"20070307",10
"20070308",5
"20070309",6
"20070310",7
"20070311",6
"20070312",8
"20070313",7
"20070314",5
"20070315",7
"20070316",1
"20070317",1
"20070318",3
"20070319",4
"20070320",6
"20070321",13
"20070322",3
"20070323",7
"20070324",3
"20070325",1
"20070326",9
"20070327",3
"20070328",5
"20070329",2
"20070330",1
"20070331",8
"20070401",21
"20070402",3
"20070403",7
"20070404",3
"20070405",2
"20070406",4
"20070407",1
"20070408",5
"20070409",6
"20070410",8
"20070411",9
"20070412",2
"20070413",2
"20070414",2
"20070415",3
"20070416",5
"20070417",4
"20070418",4
"20070419",4
"20070420",4
"20070421",1
"20070422",2
"20070423",11
"20070424",6
"20070425",3
"20070426",4
"20070427",1
"20070429",2
"20070430",2
"20070501",22
"20070502",7
"20070503",4
"20070504",3
"20070505",6
"20070506",4
"20070508",8
"20070509",6
"20070510",9
"20070511",6
"20070512",4
"20070513",2
"20070514",4
"20070515",5
"20070516",4
"20070517",7
"20070518",2
"20070519",8
"20070520",3
"20070521",8
"20070522",3
"20070523",4
"20070524",14
"20070525",3
"20070526",1
"20070527",2
"20070528",3
"20070529",4
"20070530",3
"20070531",4
"20070601",23
"20070602",2
"20070603",5
"20070604",8
"20070605",4
"20070606",6
"20070607",7
"20070608",7
"20070610",3
"20070611",8
"20070612",3
"20070613",11
"20070614",6
"20070615",2
"20070616",6
"20070617",11
"20070618",2
"20070619",3
"20070620",2
"20070621",7
"20070622",4
"20070623",1
"20070624",3
"20070625",5
"20070626",8
"20070627",7
"20070628",4
"20070630",4
"20070701",26
"20070702",5
"20070703",4
"20070704",3
"20070705",4
"20070706",4
"20070707",6
"20070708",4
"20070709",3
"20070710",7
"20070711",7
"20070712",14
"20070713",8
"20070714",5
"20070715",7
"20070716",12
"20070717",4
"20070718",5
"20070719",3
"20070720",7
"20070721",4
"20070722",5
"20070723",5
"20070724",7
"20070725",8
"20070726",1
"20070727",7
"20070728",4
"20070729",10
"20070730",6
"20070731",5
"20070801",14
"20070802",6
"20070803",6
"20070804",2
"20070805",6
"20070806",6
"20070807",4
"20070808",4
"20070809",7
"20070810",5
"20070811",2
"20070812",2
"20070813",4
"20070814",6
"20070815",3
"20070816",3
"20070817",2
"20070818",3
"20070819",2
"20070820",6
"20070821",5
"20070822",6
"20070823",3
"20070824",2
"20070825",4
"20070826",3
"20070827",7
"20070828",6
"20070829",1
"20070830",5
"20070831",4
"20070901",26
"20070902",4
"20070903",6
"20070904",1
"20070905",5
"20070906",1
"20070907",5
"20070908",1
"20070909",2
"20070910",1
"20070911",5
"20070912",7
"20070913",7
"20070914",6
"20070915",5
"20070916",6
"20070917",3
"20070918",4
"20070919",11
"20070920",6
"20070921",4
"20070922",2
"20070923",5
"20070924",5
"20070925",6
"20070926",4
"20070927",6
"20070928",3
"20070929",2
"20070930",2
"20071001",23
"20071002",6
"20071003",2
"20071004",6
"20071005",2
"20071006",4
"20071007",2
"20071008",6
"20071009",5
"20071010",12
"20071011",7
"20071012",7
"20071013",3
"20071014",2
"20071015",8
"20071016",8
"20071017",7
"20071018",12
"20071019",5
"20071020",4
"20071021",2
"20071022",4
"20071023",6
"20071024",7
"20071026",6
"20071027",5
"20071028",5
"20071029",4
"20071030",5
"20071031",9
"20071101",25
"20071102",8
"20071103",1
"20071104",2
"20071105",4
"20071106",7
"20071107",2
"20071108",3
"20071109",5
"20071110",4
"20071111",10
"20071112",5
"20071113",7
"20071114",2
"20071115",4
"20071116",11
"20071117",4
"20071118",1
"20071119",2
"20071120",5
"20071121",1
"20071122",3
"20071123",2
"20071124",5
"20071125",5
"20071126",3
"20071127",5
"20071128",7
"20071129",12
"20071130",5
"20071201",15
"20071202",4
"20071203",4
"20071204",1
"20071205",1
"20071206",1
"20071207",4
"20071208",2
"20071209",1
"20071210",7
"20071211",4
"20071212",8
"20071213",5
"20071216",5
"20071217",4
"20071218",5
"20071219",2
"20071220",5
"20071221",2
"20071222",4
"20071223",6
"20071224",5
"20071225",5
"20071226",9
"20071227",3
"20071228",1
"20071229",1
"20071230",2
"20071231",6
"20080101",80
"20080102",8
"20080103",4
"20080104",1
"20080105",3
"20080106",5
"20080107",7
"20080108",11
"20080109",8
"20080110",3
"20080111",3
"20080112",5
"20080113",3
"20080114",8
"20080115",9
"20080116",1
"20080117",5
"20080118",6
"20080119",5
"20080120",4
"20080121",10
"20080122",12
"20080123",5
"20080124",4
"20080125",9
"20080126",5
"20080127",7
"20080128",8
"20080129",3
"20080130",9
"20080131",8
"20080201",27
"20080202",4
"20080203",2
"20080204",10
"20080205",9
"20080206",9
"20080207",6
"20080208",10
"20080209",7
"20080210",16
"20080211",6
"20080212",5
"20080213",4
"20080214",6
"20080215",11
"20080216",2
"20080217",3
"20080218",5
"20080219",7
"20080220",8
"20080221",7
"20080223",2
"20080224",5
"20080225",7
"20080226",8
"20080227",4
"20080228",8
"20080229",8
"20080301",42
"20080302",19
"20080303",7
"20080304",10
"20080305",7
"20080306",7
"20080307",4
"20080308",12
"20080309",6
"20080310",8
"20080311",4
"20080312",4
"20080313",4
"20080314",4
"20080315",8
"20080316",6
"20080317",9
"20080318",6
"20080319",7
"20080320",9
"20080321",4
"20080322",16
"20080323",8
"20080324",6
"20080325",3
"20080326",2
"20080327",4
"20080328",9
"20080329",3
"20080330",4
"20080331",14
"20080401",18
"20080402",3
"20080403",5
"20080404",5
"20080405",3
"20080406",7
"20080407",7
"20080408",3
"20080409",3
"20080410",7
"20080411",2
"20080412",3
"20080413",3
"20080414",4
"20080415",9
"20080416",4
"20080417",4
"20080418",3
"20080419",8
"20080420",5
"20080421",7
"20080422",7
"20080423",5
"20080424",7
"20080425",2
"20080426",2
"20080427",6
"20080428",6
"20080429",3
"20080430",5
"20080501",18
"20080502",3
"20080503",1
"20080504",5
"20080505",9
"20080506",9
"20080507",6
"20080508",4
"20080509",9
"20080510",1
"20080511",7
"20080512",5
"20080513",8
"20080514",4
"20080515",11
"20080516",3
"20080517",2
"20080518",11
"20080519",8
"20080520",1
"20080522",6
"20080523",6
"20080524",3
"20080525",2
"20080526",3
"20080527",9
"20080528",2
"20080529",7
"20080530",5
"20080531",4
"20080601",22
"20080602",5
"20080603",16
"20080604",2
"20080605",5
"20080606",11
"20080607",5
"20080608",8
"20080609",5
"20080610",7
"20080611",3
"20080612",3
"20080613",4
"20080614",2
"20080615",7
"20080616",7
"20080617",7
"20080618",5
"20080619",6
"20080620",3
"20080621",7
"20080622",8
"20080623",3
"20080624",7
"20080625",11
"20080626",11
"20080627",3
"20080628",18
"20080629",6
"20080630",6
"20080701",22
"20080702",3
"20080703",5
"20080704",3
"20080705",4
"20080706",9
"20080707",5
"20080708",2
"20080709",5
"20080710",9
"20080711",2
"20080712",5
"20080713",8
"20080714",13
"20080715",5
"20080716",3
"20080717",1
"20080718",8
"20080719",3
"20080720",11
"20080721",9
"20080722",5
"20080723",2
"20080725",3
"20080726",1
"20080727",5
"20080728",6
"20080729",4
"20080730",7
"20080731",6
"20080801",33
"20080802",4
"20080803",2
"20080804",3
"20080805",1
"20080806",7
"20080807",5
"20080808",3
"20080809",5
"20080810",3
"20080811",6
"20080812",9
"20080813",6
"20080814",3
"20080815",15
"20080816",6
"20080817",6
"20080818",2
"20080819",5
"20080820",4
"20080821",3
"20080822",6
"20080823",4
"20080824",13
"20080825",6
"20080826",7
"20080827",2
"20080828",6
"20080829",6
"20080830",3
"20080831",1
"20080901",28
"20080903",3
"20080904",4
"20080905",5
"20080906",6
"20080907",4
"20080908",5
"20080909",3
"20080910",1
"20080911",2
"20080912",10
"20080913",4
"20080914",3
"20080915",10
"20080916",5
"20080917",6
"20080918",6
"20080919",5
"20080920",4
"20080921",9
"20080922",3
"20080923",4
"20080924",3
"20080925",11
"20080926",5
"20080927",3
"20080929",9
"20080930",6
"20081001",23
"20081002",4
"20081003",6
"20081004",1
"20081005",6
"20081006",6
"20081007",5
"20081008",11
"20081009",3
"20081010",3
"20081011",8
"20081012",4
"20081013",4
"20081014",5
"20081015",4
"20081016",2
"20081017",1
"20081018",3
"20081019",7
"20081020",5
"20081021",1
"20081022",7
"20081023",4
"20081024",3
"20081025",3
"20081026",4
"20081027",9
"20081028",2
"20081029",3
"20081030",4
"20081031",3
"20081101",33
"20081102",3
"20081103",5
"20081104",7
"20081105",3
"20081106",5
"20081107",2
"20081108",13
"20081109",1
"20081110",13
"20081111",9
"20081112",3
"20081113",2
"20081114",5
"20081115",8
"20081116",4
"20081117",4
"20081118",3
"20081119",8
"20081120",1
"20081121",3
"20081122",3
"20081123",6
"20081124",2
"20081125",9
"20081126",3
"20081127",5
"20081128",4
"20081129",4
"20081130",1
"20081201",20
"20081202",8
"20081203",11
"20081204",10
"20081205",6
"20081206",5
"20081207",2
"20081208",7
"20081209",3
"20081210",9
"20081211",5
"20081212",13
"20081213",4
"20081214",8
"20081215",14
"20081216",1
"20081217",6
"20081218",11
"20081219",5
"20081220",1
"20081221",4
"20081222",5
"20081223",7
"20081224",5
"20081225",4
"20081226",12
"20081227",8
"20081228",6
"20081229",10
"20081230",7
"20081231",7
"20090101",99
"20090102",8
"20090103",4
"20090104",6
"20090105",16
"20090106",13
"20090107",18
"20090108",11
"20090109",15
"20090110",8
"20090111",22
"20090112",31
"20090113",12
"20090114",24
"20090115",19
"20090116",28
"20090117",14
"20090118",33
"20090119",20
"20090120",24
"20090121",16
"20090122",11
"20090123",12
"20090124",11
"20090125",16
"20090126",11
"20090127",18
"20090128",13
"20090129",11
"20090130",11
"20090131",11
"20090201",35
"20090202",11
"20090203",10
"20090204",16
"20090205",7
"20090206",13
"20090207",11
"20090208",11
"20090209",11
"20090210",8
"20090211",8
"20090212",2
"20090213",13
"20090214",14
"20090215",10
"20090216",4
"20090217",5
"20090218",12
"20090219",13
"20090220",7
"20090221",11
"20090222",9
"20090223",17
"20090224",6
"20090225",7
"20090226",4
"20090227",7
"20090228",9
"20090301",37
"20090302",14
"20090303",15
"20090304",10
"20090305",11
"20090306",9
"20090307",9
"20090308",6
"20090309",11
"20090310",16
"20090311",7
"20090312",7
"20090313",9
"20090314",6
"20090315",15
"20090316",11
"20090317",17
"20090318",14
"20090319",12
"20090320",11
"20090321",14
"20090322",13
"20090323",12
"20090324",15
"20090325",22
"20090326",18
"20090327",20
"20090328",16
"20090329",22
"20090330",19
"20090331",18
"20090401",36
"20090402",10
"20090403",11
"20090404",5
"20090405",8
"20090406",16
"20090407",12
"20090408",10
"20090409",7
"20090410",8
"20090411",3
"20090412",20
"20090413",8
"20090414",11
"20090415",13
"20090416",7
"20090417",7
"20090418",3
"20090419",3
"20090420",13
"20090421",12
"20090422",11
"20090423",11
"20090424",15
"20090425",11
"20090426",12
"20090427",7
"20090428",10
"20090429",10
"20090430",14
"20090501",38
"20090502",9
"20090503",8
"20090504",13
"20090505",10
"20090506",5
"20090507",4
"20090508",9
"20090509",5
"20090510",6
"20090511",6
"20090512",3
"20090513",6
"20090514",3
"20090515",5
"20090516",7
"20090517",3
"20090518",9
"20090519",4
"20090520",6
"20090521",5
"20090522",6
"20090523",8
"20090524",8
"20090525",5
"20090526",4
"20090527",3
"20090528",4
"20090529",9
"20090530",5
"20090531",4
"20090601",24
"20090602",10
"20090603",10
"20090604",6
"20090605",8
"20090606",3
"20090607",6
"20090608",6
"20090609",10
"20090610",9
"20090611",6
"20090612",4
"20090613",6
"20090614",2
"20090615",10
"20090616",8
"20090617",2
"20090618",7
"20090619",6
"20090620",8
"20090621",13
"20090622",7
"20090623",8
"20090624",6
"20090625",2
"20090626",7
"20090627",3
"20090628",5
"20090629",10
"20090630",2
"20090701",27
"20090702",4
"20090703",9
"20090704",9
"20090705",8
"20090706",7
"20090707",6
"20090708",1
"20090709",2
"20090710",5
"20090711",6
"20090712",3
"20090713",10
"20090714",4
"20090715",5
"20090716",8
"20090717",7
"20090718",4
"20090719",3
"20090720",6
"20090721",7
"20090722",5
"20090723",5
"20090724",6
"20090725",3
"20090726",6
"20090727",6
"20090728",6
"20090729",3
"20090730",3
"20090731",6
"20090801",17
"20090802",8
"20090803",3
"20090804",10
"20090805",8
"20090806",8
"20090807",9
"20090808",8
"20090809",3
"20090810",2
"20090811",2
"20090812",2
"20090813",9
"20090814",2
"20090815",12
"20090816",3
"20090817",3
"20090818",7
"20090819",3
"20090820",7
"20090821",4
"20090822",4
"20090823",3
"20090824",4
"20090825",10
"20090826",5
"20090827",6
"20090828",4
"20090829",1
"20090830",3
"20090831",6
"20090901",19
"20090902",5
"20090903",3
"20090904",4
"20090905",2
"20090906",4
"20090907",8
"20090908",6
"20090909",1
"20090910",6
"20090911",4
"20090912",10
"20090913",5
"20090914",5
"20090915",10
"20090916",11
"20090917",8
"20090918",6
"20090919",9
"20090920",4
"20090921",6
"20090922",6
"20090923",3
"20090924",6
"20090925",3
"20090926",7
"20090927",6
"20090928",7
"20090929",9
"20090930",6
"20091001",28
"20091002",3
"20091003",2
"20091004",3
"20091005",7
"20091006",3
"20091007",3
"20091008",5
"20091009",3
"20091010",8
"20091011",2
"20091012",12
"20091013",4
"20091014",1
"20091015",2
"20091016",4
"20091017",4
"20091018",2
"20091019",5
"20091020",9
"20091021",6
"20091022",3
"20091023",10
"20091024",4
"20091025",5
"20091026",6
"20091027",5
"20091028",8
"20091029",1
"20091030",4
"20091031",7
"20091101",22
"20091102",3
"20091103",3
"20091104",4
"20091105",11
"20091106",5
"20091107",3
"20091108",7
"20091109",4
"20091110",2
"20091111",4
"20091112",2
"20091113",5
"20091114",11
"20091115",13
"20091116",7
"20091117",6
"20091118",8
"20091119",3
"20091120",6
"20091121",4
"20091122",5
"20091123",5
"20091124",2
"20091125",2
"20091126",4
"20091127",2
"20091128",6
"20091129",3
"20091130",9
"20091201",20
"20091202",8
"20091203",2
"20091204",6
"20091205",1
"20091206",4
"20091207",2
"20091208",5
"20091209",5
"20091210",6
"20091211",10
"20091212",6
"20091213",3
"20091214",10
"20091215",9
"20091216",6
"20091217",4
"20091218",5
"20091219",3
"20091220",7
"20091221",9
"20091222",10
"20091223",6
"20091224",7
"20091225",5
"20091226",11
"20091227",1
"20091228",6
"20091229",2
"20091230",7
"20091231",4
"20100101",136
"20100102",1
"20100103",5
"20100104",10
"20100105",7
"20100106",8
"20100107",3
"20100108",5
"20100109",3
"20100110",7
"20100111",10
"20100112",9
"20100113",4
"20100114",7
"20100115",9
"20100116",4
"20100117",1
"20100118",5
"20100119",1
"20100120",6
"20100121",12
"20100122",6
"20100123",2
"20100124",4
"20100125",7
"20100126",11
"20100127",6
"20100128",4
"20100129",6
"20100130",5
"20100131",4
"20100201",32
"20100202",7
"20100203",7
"20100204",7
"20100205",8
"20100206",2
"20100207",8
"20100208",4
"20100209",7
"20100210",7
"20100211",7
"20100212",4
"20100213",2
"20100214",13
"20100215",4
"20100216",5
"20100217",5
"20100218",6
"20100219",9
"20100220",6
"20100221",6
"20100222",5
"20100223",2
"20100224",4
"20100225",5
"20100226",10
"20100227",2
"20100228",7
"20100301",32
"20100302",15
"20100303",5
"20100304",6
"20100305",8
"20100306",4
"20100307",8
"20100308",14
"20100309",5
"20100310",12
"20100311",9
"20100312",5
"20100313",7
"20100314",8
"20100315",6
"20100316",8
"20100317",7
"20100318",9
"20100319",5
"20100320",12
"20100321",2
"20100322",4
"20100323",5
"20100324",8
"20100325",5
"20100326",4
"20100327",8
"20100328",7
"20100329",3
"20100330",6
"20100331",6
"20100401",22
"20100402",7
"20100403",3
"20100404",10
"20100405",8
"20100406",6
"20100407",7
"20100408",7
"20100409",2
"20100410",6
"20100411",2
"20100412",13
"20100413",6
"20100414",6
"20100415",11
"20100416",3
"20100417",2
"20100418",1
"20100419",11
"20100420",4
"20100421",7
"20100422",6
"20100423",4
"20100424",5
"20100425",8
"20100426",15
"20100427",7
"20100428",8
"20100429",7
"20100430",13
"20100501",20
"20100502",3
"20100503",5
"20100504",8
"20100505",7
"20100506",7
"20100507",8
"20100508",4
"20100509",8
"20100510",10
"20100511",8
"20100512",8
"20100513",7
"20100514",5
"20100515",9
"20100516",3
"20100517",12
"20100518",3
"20100519",10
"20100520",4
"20100521",8
"20100522",2
"20100523",2
"20100524",6
"20100525",6
"20100526",3
"20100527",6
"20100528",3
"20100529",5
"20100530",9
"20100531",4
"20100601",35
"20100602",3
"20100603",10
"20100604",7
"20100605",1
"20100606",3
"20100607",9
"20100608",3
"20100609",4
"20100610",2
"20100611",12
"20100612",4
"20100613",2
"20100614",6
"20100615",8
"20100616",4
"20100617",1
"20100618",6
"20100619",7
"20100620",4
"20100621",14
"20100622",4
"20100623",7
"20100624",6
"20100625",11
"20100626",1
"20100627",2
"20100628",6
"20100629",6
"20100630",4
"20100701",31
"20100702",6
"20100703",5
"20100704",5
"20100705",4
"20100706",7
"20100707",16
"20100708",3
"20100709",5
"20100710",7
"20100711",5
"20100712",9
"20100713",4
"20100714",1
"20100715",10
"20100716",12
"20100717",6
"20100718",5
"20100719",5
"20100720",8
"20100721",2
"20100722",3
"20100723",7
"20100724",3
"20100725",6
"20100726",9
"20100727",7
"20100728",6
"20100729",6
"20100730",4
"20100731",3
"20100801",30
"20100802",7
"20100803",7
"20100804",11
"20100805",5
"20100806",6
"20100807",12
"20100808",5
"20100809",9
"20100810",7
"20100811",10
"20100812",9
"20100813",11
"20100814",9
"20100815",7
"20100816",15
"20100817",9
"20100818",13
"20100819",9
"20100820",12
"20100821",5
"20100822",9
"20100823",7
"20100824",6
"20100825",4
"20100826",6
"20100827",12
"20100828",5
"20100829",12
"20100830",9
"20100831",15
"20100901",39
"20100902",2
"20100903",10
"20100904",6
"20100905",9
"20100906",8
"20100907",9
"20100908",10
"20100909",7
"20100910",9
"20100911",9
"20100912",7
"20100913",8
"20100914",7
"20100915",14
"20100916",5
"20100917",6
"20100918",8
"20100919",3
"20100920",5
"20100921",3
"20100922",8
"20100923",8
"20100924",6
"20100925",7
"20100926",5
"20100927",7
"20100928",4
"20100929",3
"20100930",10
"20101001",23
"20101002",16
"20101003",4
"20101004",7
"20101005",8
"20101006",4
"20101007",9
"20101008",7
"20101009",6
"20101010",9
"20101011",1
"20101012",7
"20101013",6
"20101014",15
"20101015",4
"20101016",2
"20101017",6
"20101018",8
"20101019",7
"20101020",10
"20101021",8
"20101022",5
"20101023",6
"20101024",9
"20101025",2
"20101026",4
"20101027",5
"20101028",5
"20101029",3
"20101030",3
"20101031",5
"20101101",33
"20101102",6
"20101103",7
"20101104",8
"20101105",7
"20101106",5
"20101107",6
"20101108",10
"20101109",8
"20101110",2
"20101111",7
"20101112",11
"20101113",8
"20101114",6
"20101115",11
"20101116",7
"20101117",8
"20101118",7
"20101119",5
"20101120",10
"20101121",4
"20101122",8
"20101123",7
"20101124",3
"20101125",7
"20101126",7
"20101127",4
"20101128",8
"20101129",3
"20101130",5
"20101201",34
"20101202",2
"20101203",4
"20101204",5
"20101205",5
"20101206",5
"20101207",8
"20101208",8
"20101209",11
"20101210",10
"20101211",7
"20101212",4
"20101213",5
"20101214",14
"20101215",11
"20101216",5
"20101217",5
"20101218",13
"20101219",5
"20101220",12
"20101221",9
"20101222",10
"20101223",7
"20101224",7
"20101225",14
"20101226",5
"20101227",9
"20101228",7
"20101229",5
"20101230",6
"20101231",3
"20110101",109
"20110102",7
"20110103",8
"20110104",17
"20110105",12
"20110106",5
"20110107",9
"20110108",6
"20110109",5
"20110110",9
"20110111",10
"20110112",8
"20110113",6
"20110114",11
"20110115",6
"20110116",12
"20110117",8
"20110118",8
"20110119",7
"20110120",10
"20110121",8
"20110122",8
"20110123",9
"20110124",8
"20110125",5
"20110126",11
"20110127",7
"20110128",8
"20110129",5
"20110130",9
"20110131",11
"20110201",34
"20110202",13
"20110203",6
"20110204",4
"20110205",5
"20110206",6
"20110207",9
"20110208",11
"20110209",6
"20110210",11
"20110211",9
"20110212",4
"20110213",6
"20110214",15
"20110215",8
"20110216",6
"20110217",6
"20110218",7
"20110219",2
"20110220",4
"20110221",11
"20110222",14
"20110223",10
"20110224",9
"20110225",11
"20110226",2
"20110227",11
"20110228",16
"20110301",24
"20110302",7
"20110303",9
"20110304",12
"20110305",11
"20110306",10
"20110307",14
"20110308",15
"20110309",4
"20110310",12
"20110311",4
"20110312",2
"20110313",4
"20110314",8
"20110315",9
"20110316",1
"20110317",4
"20110318",7
"20110319",7
"20110320",7
"20110321",7
"20110322",9
"20110323",6
"20110324",3
"20110325",9
"20110326",9
"20110327",5
"20110328",6
"20110329",9
"20110330",14
"20110331",5
"20110401",40
"20110402",4
"20110403",3
"20110404",6
"20110405",7
"20110406",11
"20110407",2
"20110408",12
"20110409",4
"20110410",12
"20110411",9
"20110412",7
"20110413",12
"20110414",12
"20110415",9
"20110416",7
"20110417",2
"20110418",15
"20110419",7
"20110420",6
"20110421",5
"20110422",8
"20110423",15
"20110424",6
"20110425",5
"20110426",2
"20110427",4
"20110428",10
"20110429",10
"20110430",3
"20110501",41
"20110502",7
"20110503",25
"20110504",6
"20110505",5
"20110506",4
"20110507",5
"20110508",10
"20110509",15
"20110510",18
"20110511",4
"20110512",9
"20110513",4
"20110514",2
"20110515",5
"20110516",7
"20110517",5
"20110518",10
"20110519",7
"20110520",6
"20110521",5
"20110522",3
"20110523",2
"20110524",7
"20110525",5
"20110526",8
"20110527",5
"20110528",15
"20110529",11
"20110530",7
"20110531",9
"20110601",40
"20110602",10
"20110603",6
"20110604",4
"20110605",8
"20110606",6
"20110607",14
"20110608",9
"20110609",7
"20110610",3
"20110611",4
"20110612",8
"20110613",12
"20110614",4
"20110615",12
"20110616",7
"20110617",9
"20110618",6
"20110619",5
"20110620",23
"20110621",6
"20110622",7
"20110623",6
"20110624",7
"20110625",7
"20110626",5
"20110627",15
"20110628",11
"20110629",5
"20110630",5
"20110701",38
"20110702",11
"20110703",1
"20110704",8
"20110705",7
"20110706",11
"20110707",14
"20110708",9
"20110709",1
"20110710",5
"20110711",12
"20110712",6
"20110713",11
"20110714",8
"20110715",6
"20110716",11
"20110717",3
"20110718",8
"20110719",4
"20110720",4
"20110721",6
"20110722",5
"20110723",7
"20110724",9
"20110725",17
"20110726",5
"20110727",7
"20110728",7
"20110729",10
"20110730",6
"20110731",8
"20110801",44
"20110802",14
"20110803",6
"20110804",7
"20110805",4
"20110806",6
"20110807",7
"20110808",2
"20110809",11
"20110810",8
"20110811",9
"20110812",4
"20110813",5
"20110814",4
"20110815",12
"20110816",9
"20110817",10
"20110818",3
"20110819",11
"20110820",7
"20110821",6
"20110822",1
"20110823",6
"20110824",5
"20110825",6
"20110826",9
"20110827",4
"20110828",8
"20110829",9
"20110830",7
"20110831",3
"20110901",40
"20110902",9
"20110903",5
"20110904",4
"20110905",2
"20110906",7
"20110907",5
"20110908",5
"20110909",9
"20110910",4
"20110911",7
"20110912",7
"20110913",5
"20110914",7
"20110915",4
"20110916",6
"20110917",6
"20110918",2
"20110919",5
"20110920",6
"20110921",8
"20110922",8
"20110923",10
"20110924",9
"20110925",1
"20110926",10
"20110927",12
"20110928",7
"20110929",8
"20110930",5
"20111001",31
"20111002",10
"20111003",12
"20111004",10
"20111005",9
"20111006",2
"20111007",6
"20111008",4
"20111009",3
"20111010",12
"20111011",8
"20111012",8
"20111013",13
"20111014",4
"20111015",10
"20111016",8
"20111017",6
"20111018",15
"20111019",11
"20111020",9
"20111021",12
"20111022",4
"20111023",4
"20111024",2
"20111025",11
"20111026",3
"20111027",2
"20111028",5
"20111029",8
"20111030",3
"20111031",9
"20111101",57
"20111102",8
"20111103",8
"20111104",7
"20111105",3
"20111106",5
"20111107",7
"20111108",10
"20111109",7
"20111110",7
"20111111",7
"20111112",9
"20111113",5
"20111114",10
"20111115",7
"20111116",11
"20111117",11
"20111118",9
"20111119",5
"20111120",3
"20111121",3
"20111122",9
"20111123",6
"20111124",4
"20111125",6
"20111126",6
"20111127",6
"20111128",8
"20111129",2
"20111130",7
"20111201",33
"20111202",10
"20111203",5
"20111204",7
"20111205",9
"20111206",10
"20111207",4
"20111208",5
"20111209",7
"20111210",6
"20111211",12
"20111212",7
"20111213",10
"20111214",7
"20111215",9
"20111216",5
"20111217",4
"20111218",3
"20111219",5
"20111220",7
"20111221",9
"20111222",14
"20111223",8
"20111224",6
"20111225",10
"20111226",10
"20111227",15
"20111228",13
"20111229",8
"20111230",9
"20120101",117
"20120102",14
"20120103",9
"20120104",10
"20120105",4
"20120106",5
"20120107",6
"20120108",7
"20120109",9
"20120110",8
"20120111",7
"20120112",8
"20120113",10
"20120114",9
"20120115",8
"20120116",6
"20120117",7
"20120118",11
"20120119",14
"20120120",10
"20120121",7
"20120122",8
"20120123",7
"20120124",11
"20120125",12
"20120126",6
"20120127",8
"20120128",17
"20120129",15
"20120130",9
"20120131",8
"20120201",35
"20120202",8
"20120203",7
"20120204",5
"20120205",13
"20120206",9
"20120207",8
"20120208",11
"20120209",10
"20120210",11
"20120211",10
"20120212",9
"20120213",11
"20120214",11
"20120215",13
"20120216",7
"20120217",5
"20120218",4
"20120219",8
"20120220",17
"20120221",11
"20120222",13
"20120223",5
"20120224",12
"20120225",10
"20120226",10
"20120227",10
"20120228",6
"20120229",10
"20120301",27
"20120302",18
"20120303",6
"20120304",7
"20120305",13
"20120306",11
"20120307",11
"20120308",11
"20120309",4
"20120310",4
"20120311",4
"20120312",12
"20120313",8
"20120314",7
"20120315",10
"20120316",8
"20120317",9
"20120318",2
"20120319",8
"20120320",11
"20120321",11
"20120322",5
"20120323",12
"20120324",9
"20120325",10
"20120326",6
"20120327",7
"20120328",13
"20120329",11
"20120330",18
"20120331",3
"20120401",35
"20120402",10
"20120403",20
"20120404",10
"20120405",17
"20120406",6
"20120407",6
"20120408",4
"20120409",13
"20120410",12
"20120411",6
"20120412",8
"20120413",6
"20120414",12
"20120415",15
"20120416",16
"20120417",10
"20120418",5
"20120419",11
"20120420",11
"20120421",4
"20120422",6
"20120423",12
"20120424",8
"20120425",10
"20120426",10
"20120427",10
"20120428",4
"20120429",6
"20120430",10
"20120501",37
"20120502",8
"20120503",12
"20120504",8
"20120505",1
"20120506",36
"20120507",12
"20120508",11
"20120509",9
"20120510",12
"20120511",2
"20120512",8
"20120513",3
"20120514",9
"20120515",12
"20120516",6
"20120517",4
"20120518",7
"20120519",4
"20120520",18
"20120521",11
"20120522",9
"20120523",6
"20120524",2
"20120525",2
"20120526",4
"20120527",2
"20120528",9
"20120529",9
"20120530",7
"20120531",3
"20120601",45
"20120602",7
"20120603",7
"20120604",10
"20120605",5
"20120606",8
"20120607",6
"20120608",9
"20120609",9
"20120610",4
"20120611",10
"20120612",12
"20120613",8
"20120614",12
"20120615",7
"20120616",7
"20120617",6
"20120618",9
"20120619",7
"20120620",13
"20120621",8
"20120622",10
"20120623",2
"20120624",7
"20120625",7
"20120626",12
"20120627",6
"20120628",7
"20120629",2
"20120630",8
"20120701",50
"20120702",6
"20120703",11
"20120704",5
"20120705",5
"20120706",5
"20120707",5
"20120708",8
"20120709",8
"20120710",19
"20120711",9
"20120712",13
"20120713",10
"20120714",8
"20120715",11
"20120716",7
"20120717",5
"20120718",5
"20120719",5
"20120720",8
"20120721",6
"20120722",10
"20120723",6
"20120724",10
"20120725",8
"20120726",9
"20120727",7
"20120728",7
"20120729",12
"20120730",8
"20120731",10
"20120801",51
"20120802",7
"20120803",5
"20120804",6
"20120805",7
"20120806",6
"20120807",7
"20120808",10
"20120809",5
"20120810",16
"20120811",6
"20120812",8
"20120813",10
"20120814",7
"20120815",12
"20120816",6
"20120817",6
"20120818",8
"20120819",7
"20120820",18
"20120821",6
"20120822",15
"20120823",16
"20120824",3
"20120825",8
"20120826",5
"20120827",8
"20120828",6
"20120829",16
"20120830",7
"20120831",8
"20120901",47
"20120902",4
"20120903",10
"20120904",10
"20120905",5
"20120906",5
"20120907",16
"20120908",2
"20120909",9
"20120910",14
"20120911",4
"20120912",16
"20120913",11
"20120914",13
"20120915",9
"20120916",9
"20120917",12
"20120918",7
"20120919",4
"20120920",13
"20120921",8
"20120922",8
"20120923",7
"20120924",6
"20120925",14
"20120926",10
"20120927",13
"20120928",6
"20120929",6
"20120930",5
"20121001",60
"20121002",18
"20121003",13
"20121004",7
"20121005",8
"20121006",12
"20121007",7
"20121008",8
"20121009",8
"20121010",15
"20121011",7
"20121012",16
"20121013",8
"20121014",10
"20121015",11
"20121016",6
"20121017",16
"20121018",6
"20121019",7
"20121020",7
"20121021",6
"20121022",8
"20121023",9
"20121024",8
"20121025",8
"20121026",7
"20121027",2
"20121028",5
"20121029",11
"20121030",7
"20121031",5
"20121101",49
"20121102",7
"20121103",8
"20121104",8
"20121105",12
"20121106",13
"20121107",4
"20121108",12
"20121109",7
"20121110",8
"20121111",5
"20121112",12
"20121113",13
"20121114",8
"20121115",15
"20121116",8
"20121117",7
"20121118",3
"20121119",8
"20121120",17
"20121121",6
"20121122",7
"20121123",10
"20121124",6
"20121125",8
"20121126",11
"20121127",7
"20121128",8
"20121129",6
"20121130",30
"20121201",33
"20121202",6
"20121203",7
"20121204",11
"20121205",7
"20121206",10
"20121207",13
"20121208",2
"20121209",2
"20121210",8
"20121211",13
"20121212",6
"20121213",5
"20121214",7
"20121215",5
"20121216",8
"20121217",7
"20121218",8
"20121219",10
"20121220",8
"20121221",1
"20121222",5
"20121223",5
"20121224",11
"20121225",10
"20121226",8
"20121227",7
"20121228",10
"20121229",4
"20121230",5
"20121231",5
"20130101",153
"20130102",13
"20130103",5
"20130104",4
"20130105",10
"20130106",11
"20130107",10
"20130108",8
"20130109",6
"20130110",9
"20130111",6
"20130112",7
"20130113",11
"20130114",10
"20130115",6
"20130116",6
"20130117",4
"20130118",11
"20130119",8
"20130120",19
"20130121",15
"20130122",11
"20130123",8
"20130124",10
"20130125",12
"20130126",3
"20130127",3
"20130128",4
"20130129",7
"20130130",6
"20130131",5
"20130201",43
"20130202",12
"20130203",10
"20130204",9
"20130205",18
"20130206",6
"20130207",6
"20130208",7
"20130209",4
"20130210",14
"20130211",14
"20130212",13
"20130213",14
"20130214",6
"20130215",11
"20130216",4
"20130217",3
"20130218",7
"20130219",6
"20130220",13
"20130221",10
"20130222",9
"20130223",5
"20130224",12
"20130225",8
"20130226",13
"20130227",7
"20130228",21
"20130301",56
"20130302",7
"20130303",6
"20130304",17
"20130305",10
"20130306",6
"20130307",9
"20130308",12
"20130309",3
"20130310",16
"20130311",13
"20130312",12
"20130313",7
"20130314",10
"20130315",11
"20130316",3
"20130317",4
"20130318",4
"20130319",15
"20130320",13
"20130321",7
"20130322",6
"20130323",4
"20130324",4
"20130325",13
"20130326",5
"20130327",4
"20130328",11
"20130329",6
"20130330",6
"20130331",8
"20130401",46
"20130402",16
"20130403",11
"20130404",14
"20130405",8
"20130406",4
"20130407",6
"20130408",16
"20130409",9
"20130410",9
"20130411",10
"20130412",12
"20130413",8
"20130414",5
"20130415",12
"20130416",10
"20130417",10
"20130418",5
"20130419",10
"20130420",7
"20130421",6
"20130422",11
"20130423",4
"20130424",10
"20130425",8
"20130426",9
"20130427",4
"20130428",6
"20130429",17
"20130430",10
"20130501",64
"20130502",9
"20130503",14
"20130504",4
"20130505",6
"20130506",8
"20130507",14
"20130508",7
"20130509",9
"20130510",5
"20130511",6
"20130512",5
"20130513",14
"20130514",15
"20130515",15
"20130516",10
"20130517",11
"20130518",6
"20130519",6
"20130520",13
"20130521",12
"20130522",7
"20130523",10
"20130524",5
"20130525",12
"20130526",7
"20130527",9
"20130528",11
"20130529",8
"20130530",7
"20130531",5
"20130601",44
"20130602",6
"20130603",13
"20130604",9
"20130605",2
"20130606",9
"20130607",9
"20130608",12
"20130609",8
"20130610",10
"20130611",13
"20130612",7
"20130613",11
"20130614",9
"20130615",12
"20130616",8
"20130617",15
"20130618",5
"20130619",12
"20130620",11
"20130621",9
"20130622",4
"20130623",4
"20130624",8
"20130625",11
"20130626",6
"20130627",10
"20130628",15
"20130629",7
"20130630",5
"20130701",68
"20130702",9
"20130703",21
"20130704",6
"20130705",9
"20130706",7
"20130707",4
"20130708",13
"20130709",9
"20130710",9
"20130711",13
"20130712",11
"20130713",7
"20130714",8
"20130715",7
"20130716",10
"20130717",12
"20130718",11
"20130719",8
"20130720",14
"20130721",11
"20130722",16
"20130723",10
"20130724",17
"20130725",8
"20130726",7
"20130727",7
"20130728",7
"20130729",9
"20130730",13
"20130731",8
"20130801",67
"20130802",9
"20130803",9
"20130804",15
"20130805",13
"20130806",8
"20130807",10
"20130808",11
"20130809",11
"20130810",14
"20130811",10
"20130812",17
"20130813",3
"20130814",15
"20130815",30
"20130816",11
"20130817",8
"20130818",12
"20130819",10
"20130820",15
"20130821",17
"20130822",16
"20130823",13
"20130824",16
"20130825",9
"20130826",20
"20130827",12
"20130828",19
"20130829",18
"20130830",27
"20130831",18
"20130901",82
"20130902",31
"20130903",45
"20130904",44
"20130905",25
"20130906",24
"20130907",12
"20130908",18
"20130909",23
"20130910",22
"20130911",21
"20130912",11
"20130913",14
"20130914",12
"20130915",8
"20130916",18
"20130917",17
"20130918",16
"20130919",12
"20130920",9
"20130921",14
"20130922",8
"20130923",8
"20130924",11
"20130925",13
"20130926",11
"20130927",8
"20130928",8
"20130929",13
"20130930",13
"20131001",72
"20131002",9
"20131003",7
"20131004",10
"20131005",10
"20131006",4
"20131007",15
"20131008",10
"20131009",12
"20131010",7
"20131011",9
"20131012",13
"20131013",14
"20131014",10
"20131015",17
"20131016",12
"20131017",7
"20131018",10
"20131019",11
"20131020",7
"20131021",13
"20131022",10
"20131023",6
"20131024",6
"20131025",12
"20131026",8
"20131027",5
"20131028",9
"20131029",6
"20131030",7
"20131031",7
"20131101",67
"20131102",2
"20131103",12
"20131104",11
"20131105",5
"20131106",7
"20131107",5
"20131108",7
"20131109",11
"20131110",9
"20131111",13
"20131112",17
"20131113",9
"20131114",8
"20131115",15
"20131116",6
"20131117",9
"20131118",4
"20131119",12
"20131120",16
"20131121",7
"20131122",7
"20131123",11
"20131124",8
"20131125",8
"20131126",11
"20131127",11
"20131128",6
"20131129",5
"20131130",3
"20131201",62
"20131202",14
"20131203",38
"20131204",6
"20131205",9
"20131206",7
"20131207",7
"20131208",5
"20131209",6
"20131210",6
"20131211",8
"20131212",7
"20131213",12
"20131214",5
"20131215",8
"20131216",10
"20131217",6
"20131218",9
"20131219",12
"20131220",21
"20131221",5
"20131222",7
"20131223",6
"20131224",2
"20131225",7
"20131226",3
"20131227",3
"20131228",3
"20131229",8
"20131230",9
"20131231",10
"20140101",210
"20140102",5
"20140103",14
"20140104",7
"20140105",6
"20140106",5
"20140107",7
"20140108",9
"20140109",10
"20140110",10
"20140111",10
"20140112",8
"20140113",10
"20140114",12
"20140115",19
"20140116",11
"20140117",9
"20140118",11
"20140119",6
"20140120",15
"20140121",3
"20140122",12
"20140123",11
"20140124",6
"20140125",4
"20140126",9
"20140127",7
"20140128",7
"20140129",17
"20140130",12
"20140131",12
"20140201",57
"20140202",5
"20140203",11
"20140204",8
"20140205",8
"20140206",10
"20140207",8
"20140208",8
"20140209",10
"20140210",11
"20140211",12
"20140212",9
"20140213",13
"20140214",12
"20140215",7
"20140216",9
"20140217",16
"20140218",6
"20140219",7
"20140220",16
"20140221",13
"20140222",7
"20140223",6
"20140224",11
"20140225",13
"20140226",8
"20140227",11
"20140228",28
"20140301",72
"20140302",8
"20140303",17
"20140304",15
"20140305",9
"20140306",9
"20140307",9
"20140308",8
"20140309",8
"20140310",15
"20140311",21
"20140312",14
"20140313",2
"20140314",16
"20140315",11
"20140316",6
"20140317",12
"20140318",11
"20140319",7
"20140320",15
"20140321",13
"20140322",10
"20140323",8
"20140324",17
"20140325",7
"20140326",13
"20140327",12
"20140328",6
"20140329",8
"20140330",7
"20140331",9
"20140401",71
"20140402",9
"20140403",8
"20140404",7
"20140405",11
"20140406",10
"20140407",8
"20140408",7
"20140409",13
"20140410",14
"20140411",7
"20140412",6
"20140413",6
"20140414",7
"20140415",12
"20140416",8
"20140417",8
"20140418",12
"20140419",8
"20140420",13
"20140421",12
"20140422",7
"20140423",5
"20140424",6
"20140425",10
"20140426",6
"20140427",3
"20140428",10
"20140429",11
"20140430",16
"20140501",52
"20140502",11
"20140503",9
"20140504",9
"20140505",16
"20140506",11
"20140507",4
"20140508",2
"20140509",9
"20140510",13
"20140511",7
"20140512",6
"20140513",9
"20140514",11
"20140515",7
"20140516",9
"20140517",5
"20140518",5
"20140519",4
"20140520",6
"20140521",7
"20140522",10
"20140523",11
"20140524",4
"20140525",6
"20140526",8
"20140527",7
"20140528",6
"20140529",12
"20140530",7
"20140531",7
"20140601",60
"20140602",11
"20140603",12
"20140604",5
"20140605",4
"20140606",8
"20140607",6
"20140608",8
"20140609",11
"20140610",9
"20140611",8
"20140612",11
"20140613",7
"20140614",6
"20140615",12
"20140616",5
"20140617",6
"20140618",6
"20140619",13
"20140620",17
"20140621",7
"20140622",6
"20140623",7
"20140624",5
"20140625",7
"20140626",12
"20140627",3
"20140628",6
"20140629",3
"20140630",5
"20140701",76
"20140702",7
"20140703",7
"20140704",13
"20140705",6
"20140706",7
"20140707",10
"20140708",18
"20140709",17
"20140710",15
"20140711",13
"20140712",3
"20140713",8
"20140714",6
"20140715",13
"20140716",11
"20140717",12
"20140718",15
"20140719",7
"20140720",6
"20140721",10
"20140722",15
"20140723",17
"20140724",4
"20140725",12
"20140726",9
"20140727",7
"20140728",18
"20140729",13
"20140730",9
"20140731",6
"20140801",71
"20140802",7
"20140803",7
"20140804",10
"20140805",11
"20140806",12
"20140807",17
"20140808",7
"20140809",8
"20140810",12
"20140811",11
"20140812",10
"20140813",12
"20140814",7
"20140815",12
"20140816",3
"20140817",5
"20140818",8
"20140819",12
"20140820",16
"20140821",16
"20140822",9
"20140823",2
"20140824",7
"20140825",14
"20140826",5
"20140827",6
"20140828",6
"20140829",6
"20140830",8
"20140831",3
"20140901",76
"20140902",17
"20140903",8
"20140904",12
"20140905",2
"20140906",7
"20140907",4
"20140908",11
"20140909",16
"20140910",7
"20140911",15
"20140912",6
"20140913",5
"20140914",6
"20140915",14
"20140916",14
"20140917",8
"20140918",11
"20140919",8
"20140920",7
"20140921",11
"20140922",10
"20140923",3
"20140924",8
"20140925",12
"20140926",12
"20140927",8
"20140928",5
"20140929",14
"20140930",7
"20141001",97
"20141002",11
"20141003",18
"20141004",5
"20141005",6
"20141006",7
"20141007",15
"20141008",6
"20141009",11
"20141010",18
"20141011",8
"20141012",4
"20141013",9
"20141014",10
"20141015",7
"20141016",9
"20141017",6
"20141018",5
"20141019",6
"20141020",16
"20141021",8
"20141022",14
"20141023",10
"20141024",8
"20141025",3
"20141026",7
"20141027",9
"20141028",12
"20141029",11
"20141030",10
"20141031",6
"20141101",69
"20141102",7
"20141103",6
"20141104",12
"20141105",19
"20141106",9
"20141107",10
"20141108",5
"20141109",8
"20141110",13
"20141111",8
"20141112",9
"20141113",6
"20141114",7
"20141115",5
"20141116",7
"20141117",5
"20141118",7
"20141119",12
"20141120",22
"20141121",7
"20141122",5
"20141123",5
"20141124",12
"20141125",4
"20141126",7
"20141127",4
"20141128",10
"20141129",3
"20141130",8
"20141201",70
"20141202",16
"20141203",10
"20141204",16
"20141205",5
"20141206",17
"20141207",6
"20141208",14
"20141209",3
"20141210",11
"20141211",18
"20141212",10
"20141213",6
"20141214",6
"20141215",12
"20141216",8
"20141217",4
"20141218",10
"20141219",4
"20141220",9
"20141221",3
"20141222",7
"20141223",10
"20141224",5
"20141225",12
"20141226",5
"20141227",5
"20141228",5
"20141229",5
"20141230",10
"20141231",8
"20150101",245
"20150102",6
"20150103",6
"20150104",14
"20150105",20
"20150106",9
"20150107",19
"20150108",16
"20150109",12
"20150110",10
"20150111",7
"20150112",13
"20150113",14
"20150114",14
"20150115",11
"20150116",8
"20150117",6
"20150118",5
"20150119",15
"20150120",18
"20150121",14
"20150122",9
"20150123",16
"20150124",10
"20150125",3
"20150126",13
"20150127",11
"20150128",17
"20150129",14
"20150130",10
"20150131",8
"20150201",86
"20150202",19
"20150203",8
"20150204",11
"20150205",10
"20150206",18
"20150207",9
"20150208",9
"20150209",17
"20150210",15
"20150211",12
"20150212",13
"20150213",9
"20150214",12
"20150215",7
"20150216",6
"20150217",8
"20150218",11
"20150219",17
"20150220",21
"20150221",8
"20150222",8
"20150223",13
"20150224",9
"20150225",10
"20150226",11
"20150227",8
"20150228",44
"20150301",66
"20150302",19
"20150303",12
"20150304",13
"20150305",12
"20150306",11
"20150307",13
"20150308",7
"20150309",15
"20150310",18
"20150311",7
"20150312",13
"20150313",11
"20150314",10
"20150315",23
"20150316",3
"20150317",14
"20150318",19
"20150319",17
"20150320",18
"20150321",13
"20150322",10
"20150323",18
"20150324",7
"20150325",11
"20150326",7
"20150327",9
"20150328",6
"20150329",14
"20150330",15
"20150331",13
"20150401",71
"20150402",20
"20150403",18
"20150404",12
"20150405",22
"20150406",13
"20150407",21
"20150408",24
"20150409",15
"20150410",14
"20150411",4
"20150412",9
"20150413",11
"20150414",8
"20150415",16
"20150416",14
"20150417",8
"20150418",13
"20150419",10
"20150420",12
"20150421",9
"20150422",9
"20150423",7
"20150424",7
"20150425",4
"20150426",18
"20150427",11
"20150428",5
"20150429",8
"20150430",6
"20150501",88
"20150502",5
"20150503",5
"20150504",7
"20150505",8
"20150506",6
"20150507",9
"20150508",14
"20150509",2
"20150510",18
"20150511",13
"20150512",9
"20150513",6
"20150514",14
"20150515",14
"20150516",15
"20150517",8
"20150518",10
"20150519",12
"20150520",28
"20150521",7
"20150522",2
"20150523",5
"20150524",8
"20150525",12
"20150526",13
"20150527",11
"20150528",7
"20150529",12
"20150530",4
"20150531",9
"20150601",74
"20150602",9
"20150603",7
"20150604",10
"20150605",11
"20150606",4
"20150607",3
"20150608",12
"20150609",8
"20150610",26
"20150611",10
"20150612",24
"20150613",13
"20150614",8
"20150615",26
"20150616",10
"20150617",16
"20150618",5
"20150619",7
"20150620",10
"20150621",7
"20150622",6
"20150623",11
"20150624",6
"20150625",8
"20150626",9
"20150628",14
"20150629",9
"20150630",8
"20150701",82
"20150702",9
"20150703",13
"20150704",1
"20150705",6
"20150706",14
"20150707",10
"20150708",10
"20150709",9
"20150710",11
"20150711",9
"20150712",6
"20150713",7
"20150714",9
"20150715",17
"20150716",7
"20150717",14
"20150718",8
"20150719",4
"20150720",16
"20150721",9
"20150722",6
"20150723",9
"20150724",12
"20150725",5
"20150726",3
"20150727",9
"20150728",17
"20150729",5
"20150730",7
"20150731",4
"20150801",80
"20150802",8
"20150803",17
"20150804",11
"20150805",8
"20150806",11
"20150807",11
"20150808",8
"20150809",7
"20150810",14
"20150811",11
"20150812",13
"20150813",14
"20150814",2
"20150815",7
"20150816",9
"20150817",11
"20150818",14
"20150819",7
"20150820",13
"20150821",8
"20150822",19
"20150823",6
"20150824",11
"20150825",6
"20150826",10
"20150827",11
"20150828",15
"20150829",5
"20150830",5
"20150831",24
"20150901",74
"20150902",10
"20150903",11
"20150904",7
"20150905",9
"20150906",9
"20150907",20
"20150908",9
"20150909",17
"20150910",19
"20150911",14
"20150912",10
"20150913",12
"20150914",17
"20150915",25
"20150916",14
"20150917",9
"20150918",5
"20150919",17
"20150920",13
"20150921",19
"20150922",12
"20150923",11
"20150924",20
"20150925",20
"20150926",21
"20150927",11
"20150928",14
"20150929",12
"20150930",14
"20151001",70
"20151002",14
"20151003",13
"20151004",10
"20151005",18
"20151006",10
"20151007",16
"20151008",5
"20151009",9
"20151010",5
"20151011",5
"20151012",18
"20151013",13
"20151014",7
"20151015",17
"20151016",12
"20151017",9
"20151018",5
"20151019",13
"20151020",10
"20151021",5
"20151022",2
"20151023",6
"20151024",7
"20151025",8
"20151026",9
"20151027",6
"20151028",7
"20151029",11
"20151030",9
"20151031",8
"20151101",66
"20151102",17
"20151103",10
"20151104",14
"20151105",10
"20151106",2
"20151107",5
"20151108",4
"20151109",6
"20151110",11
"20151111",7
"20151112",9
"20151113",3
"20151114",7
"20151115",10
"20151116",7
"20151117",10
"20151118",10
"20151119",9
"20151120",21
"20151121",10
"20151122",9
"20151123",10
"20151124",12
"20151125",8
"20151126",5
"20151127",2
"20151128",4
"20151129",3
"20151130",9
"20151201",62
"20151202",9
"20151203",14
"20151204",6
"20151205",8
"20151206",9
"20151207",13
"20151208",8
"20151209",12
"20151210",8
"20151211",12
"20151212",6
"20151213",8
"20151214",11
"20151215",13
"20151216",4
"20151217",8
"20151218",17
"20151219",11
"20151220",4
"20151221",8
"20151222",5
"20151223",8
"20151224",15
"20151225",9
"20151226",14
"20151227",3
"20151228",14
"20151229",12
"20151230",9
"20151231",16
"20160101",195
"20160102",20
"20160103",10
"20160104",18
"20160105",18
"20160106",8
"20160107",14
"20160108",8
"20160109",12
"20160110",8
"20160111",17
"20160112",13
"20160113",12
"20160114",16
"20160115",22
"20160116",9
"20160117",9
"20160118",10
"20160119",12
"20160120",21
"20160121",13
"20160122",14
"20160123",11
"20160124",6
"20160125",13
"20160126",9
"20160127",7
"20160128",12
"20160129",11
"20160130",12
"20160131",10
"20160201",83
"20160202",21
"20160203",16
"20160204",11
"20160205",13
"20160206",8
"20160207",13
"20160208",19
"20160209",15
"20160210",11
"20160211",11
"20160212",13
"20160213",5
"20160214",11
"20160215",11
"20160216",7
"20160217",6
"20160218",9
"20160219",5
"20160220",7
"20160221",5
"20160222",13
"20160223",11
"20160224",5
"20160225",14
"20160226",11
"20160227",13
"20160228",7
"20160229",13
"20160301",75
"20160302",8
"20160303",11
"20160304",17
"20160305",10
"20160306",9
"20160307",16
"20160308",16
"20160309",8
"20160310",18
"20160311",12
"20160312",10
"20160313",11
"20160314",10
"20160315",10
"20160316",9
"20160317",9
"20160318",12
"20160319",10
"20160320",14
"20160321",10
"20160322",10
"20160323",9
"20160324",12
"20160325",12
"20160326",6
"20160327",4
"20160328",15
"20160329",12
"20160330",15
"20160331",13
"20160401",77
"20160402",10
"20160403",11
"20160404",21
"20160405",6
"20160406",14
"20160407",12
"20160408",11
"20160409",10
"20160410",9
"20160411",11
"20160412",14
"20160413",12
"20160414",16
"20160415",17
"20160416",7
"20160417",3
"20160418",16
"20160419",11
"20160420",21
"20160421",10
"20160422",8
"20160423",8
"20160424",8
"20160425",7
"20160426",18
"20160427",12
"20160428",7
"20160429",17
"20160430",3
"20160501",60
"20160502",23
"20160503",11
"20160504",10
"20160505",16
"20160506",7
"20160507",9
"20160508",1
"20160509",14
"20160510",20
"20160511",7
"20160512",18
"20160513",19
"20160514",6
"20160515",7
"20160516",13
"20160517",11
"20160518",13
"20160519",10
"20160520",10
"20160521",10
"20160522",10
"20160523",9
"20160524",12
"20160525",13
"20160526",6
"20160527",9
"20160528",4
"20160529",4
"20160530",8
"20160531",12
"20160601",83
"20160602",13
"20160603",12
"20160604",5
"20160605",6
"20160606",18
"20160607",15
"20160608",11
"20160609",10
"20160610",14
"20160611",6
"20160612",9
"20160613",6
"20160614",6
"20160615",21
"20160616",11
"20160617",8
"20160618",13
"20160619",9
"20160620",16
"20160621",7
"20160622",8
"20160623",9
"20160624",7
"20160625",3
"20160626",14
"20160627",8
"20160628",13
"20160629",8
"20160630",6
"20160701",77
"20160702",11
"20160703",8
"20160704",7
"20160705",11
"20160706",8
"20160707",7
"20160708",16
"20160709",6
"20160710",7
"20160711",15
"20160712",10
"20160713",22
"20160714",22
"20160715",19
"20160716",20
"20160717",5
"20160718",16
"20160719",13
"20160720",18
"20160721",18
"20160722",5
"20160723",3
"20160724",8
"20160725",17
"20160726",14
"20160727",11
"20160728",11
"20160729",13
"20160730",8
"20160731",12
"20160801",72
"20160802",15
"20160803",10
"20160804",10
"20160805",14
"20160806",2
"20160807",15
"20160808",15
"20160809",9
"20160810",16
"20160811",5
"20160812",19
"20160813",4
"20160814",10
"20160815",10
"20160816",6
"20160817",12
"20160818",15
"20160819",5
"20160820",12
"20160821",6
"20160822",8
"20160823",13
"20160824",18
"20160825",12
"20160826",6
"20160827",18
"20160828",10
"20160829",14
"20160830",5
"20160831",10
"20160901",46
"20160902",14
"20160903",7
"20160904",5
"20160905",12
"20160906",9
"20160907",5
"20160908",11
"20160909",5
"20160910",12
"20160911",7
"20160912",10
"20160913",17
"20160914",7
"20160915",11
"20160916",11
"20160917",7
"20160918",8
"20160919",12
"20160920",16
"20160921",15
"20160922",11
"20160923",15
"20160924",2
"20160925",3
"20160926",13
"20160927",9
"20160928",11
"20160929",8
"20160930",11
"20161001",56
"20161002",8
"20161003",7
"20161004",11
"20161005",8
"20161006",5
"20161007",11
"20161008",8
"20161009",11
"20161010",21
"20161011",13
"20161012",13
"20161013",14
"20161014",8
"20161015",9
"20161016",9
"20161017",14
"20161018",5
"20161019",14
"20161020",10
"20161021",6
"20161022",9
"20161023",9
"20161024",8
"20161025",9
"20161026",8
"20161027",4
"20161028",10
"20161029",7
"20161030",6
"20161031",16
"20161101",37
"20161102",8
"20161103",5
"20161104",9
"20161105",7
"20161106",7
"20161107",13
"20161108",7
"20161109",6
"20161110",7
"20161111",12
"20161112",9
"20161113",8
"20161114",9
"20161115",13
"20161116",10
"20161117",11
"20161118",18
"20161119",6
"20161120",10
"20161121",14
"20161122",10
"20161123",6
"20161124",10
"20161125",8
"20161126",6
"20161127",4
"20161128",12
"20161129",7
"20161130",7
"20161201",59
"20161202",17
"20161203",4
"20161204",6
"20161205",14
"20161206",16
"20161207",7
"20161208",7
"20161209",11
"20161210",12
"20161211",9
"20161212",11
"20161213",12
"20161214",10
"20161215",12
"20161216",10
"20161217",6
"20161218",5
"20161219",12
"20161220",12
"20161221",4
"20161222",13
"20161223",12
"20161224",11
"20161225",12
"20161226",11
"20161227",4
"20161228",9
"20161229",7
"20161230",8
"20161231",3
"20170101",129
"20170102",13
"20170103",13
"20170104",12
"20170105",14
"20170106",13
"20170107",12
"20170108",9
"20170109",11
"20170110",16
"20170111",19
"20170112",12
"20170113",9
"20170114",8
"20170115",12
"20170116",13
"20170117",8
"20170118",17
"20170119",7
"20170120",11
"20170121",6
"20170122",6
"20170123",14
"20170124",18
"20170125",12
"20170126",11
"20170127",9
"20170128",5
"20170129",8
"20170130",11
"20170131",7
"20170201",63
"20170202",10
"20170203",9
"20170204",12
"20170205",17
"20170206",14
"20170207",13
"20170208",6
"20170209",11
"20170210",12
"20170211",2
"20170212",8
"20170213",10
"20170214",14
"20170215",11
"20170216",11
"20170217",15
"20170218",17
"20170219",5
"20170220",12
"20170221",13
"20170222",9
"20170223",7
"20170224",9
"20170225",7
"20170226",9
"20170227",10
"20170228",11
"20170301",46
"20170302",7
"20170303",15
"20170304",5
"20170305",5
"20170306",8
"20170307",11
"20170308",9
"20170309",9
"20170310",18
"20170311",7
"20170312",9
"20170313",12
"20170314",11
"20170315",21
"20170316",10
"20170317",15
"20170318",5
"20170319",6
"20170320",16
"20170321",16
"20170322",8
"20170323",15
"20170324",8
"20170325",7
"20170326",6
"20170327",10
"20170328",5
"20170329",10
"20170330",8
"20170331",15
"20170401",49
"20170402",8
"20170403",19
"20170404",15
"20170405",11
"20170406",7
"20170407",19
"20170408",10
"20170409",8
"20170410",13
"20170411",11
"20170412",7
"20170413",7
"20170414",11
"20170415",10
"20170416",9
"20170417",11
"20170418",14
"20170419",6
"20170420",11
"20170421",7
"20170422",6
"20170423",7
"20170424",23
"20170425",7
"20170426",17
"20170427",9
"20170428",9
"20170429",11
"20170430",7
"20170501",60
"20170502",17
"20170503",17
"20170504",7
"20170505",15
"20170506",7
"20170507",5
"20170508",15
"20170509",13
"20170510",9
"20170511",7
"20170512",11
"20170513",8
"20170514",11
"20170515",13
"20170516",8
"20170517",9
"20170518",13
"20170519",10
"20170520",9
"20170521",3
"20170522",12
"20170523",10
"20170524",8
"20170525",5
"20170526",14
"20170527",10
"20170528",14
"20170529",10
"20170530",13
"20170531",7
"20170601",47
"20170602",9
"20170603",5
"20170604",11
"20170605",19
"20170606",8
"20170607",11
"20170608",7
"20170609",11
"20170610",11
"20170611",14
"20170612",9
"20170613",13
"20170614",14
"20170615",18
"20170616",9
"20170617",6
"20170618",8
"20170619",8
"20170620",20
"20170621",7
"20170622",14
"20170623",7
"20170624",10
"20170625",12
"20170626",8
"20170627",13
"20170628",12
"20170629",7
"20170630",11
"20170701",48
"20170702",7
"20170703",6
"20170704",8
"20170705",6
"20170706",9
"20170707",5
"20170708",12
"20170709",13
"20170710",16
"20170711",8
"20170712",7
"20170713",10
"20170714",6
"20170715",6
"20170716",15
"20170717",13
"20170718",9
"20170719",10
"20170720",13
"20170721",8
"20170722",5
"20170723",6
"20170724",9
"20170725",6
"20170726",7
"20170727",6
"20170728",9
"20170729",2
"20170730",5
"20170731",4
"20170801",46
"20170802",15
"20170803",8
"20170804",8
"20170805",5
"20170806",6
"20170807",6
"20170808",8
"20170809",14
"20170810",5
"20170811",13
"20170812",5
"20170813",7
"20170814",8
"20170815",11
"20170816",14
"20170817",7
"20170818",6
"20170819",2
"20170820",12
"20170821",5
"20170822",12
"20170823",11
"20170824",9
"20170825",4
"20170826",5
"20170827",6
"20170828",9
"20170829",8
"20170830",11
"20170831",7
"20170901",41
"20170902",5
"20170903",4
"20170904",5
"20170905",8
"20170906",6
"20170907",5
"20170908",7
"20170909",3
"20170910",8
"20170911",10
"20170912",11
"20170913",7
"20170914",7
"20170915",11
"20170916",5
"20170917",5
"20170918",9
"20170919",8
"20170920",13
"20170921",6
"20170922",7
"20170923",3
"20170924",4
"20170925",9
"20170926",6
"20170927",9
"20170928",5
"20170929",3
"20170930",4
"20171001",53
"20171002",15
"20171003",8
"20171004",6
"20171005",7
"20171006",5
"20171007",6
"20171008",7
"20171009",9
"20171010",6
"20171011",6
"20171012",6
"20171013",6
"20171014",6
"20171015",14
"20171016",13
"20171017",7
"20171018",5
"20171019",7
"20171020",8
"20171021",4
"20171022",6
"20171023",6
"20171024",3
"20171025",10
"20171026",12
"20171027",10
"20171028",2
"20171029",7
"20171030",13
"20171031",7
"20171101",50
"20171102",10
"20171103",8
"20171104",6
"20171105",6
"20171106",6
"20171107",15
"20171108",6
"20171109",8
"20171110",8
"20171111",7
"20171112",6
"20171113",5
"20171114",6
"20171115",25
"20171116",12
"20171117",12
"20171118",5
"20171119",1
"20171120",13
"20171121",16
"20171122",3
"20171123",9
"20171124",11
"20171125",10
"20171126",3
"20171127",13
"20171128",5
"20171129",7
"20171130",13
"20171201",72
"20171202",7
"20171203",4
"20171204",6
"20171205",4
"20171206",7
"20171207",13
"20171208",12
"20171209",2
"20171210",2
"20171211",8
"20171212",15
"20171213",5
"20171214",6
"20171215",8
"20171216",5
"20171217",7
"20171218",8
"20171219",7
"20171220",9
"20171221",13
"20171222",11
"20171223",4
"20171224",6
"20171225",9
"20171226",10
"20171227",8
"20171228",13
"20171229",13
"20171230",8
"20171231",12
"20180101",217
"20180102",20
"20180103",15
"20180104",6
"20180105",9
"20180106",7
"20180107",8
"20180108",15
"20180109",8
"20180110",13
"20180111",21
"20180112",15
"20180113",5
"20180114",7
"20180115",17
"20180116",17
"20180117",5
"20180118",10
"20180119",10
"20180120",12
"20180121",9
"20180122",24
"20180123",9
"20180124",10
"20180125",14
"20180126",8
"20180127",10
"20180128",7
"20180129",13
"20180130",9
"20180131",12
"20180201",94
"20180202",11
"20180203",6
"20180204",7
"20180205",13
"20180206",7
"20180207",9
"20180208",8
"20180209",8
"20180210",11
"20180211",4
"20180212",16
"20180213",10
"20180214",10
"20180215",21
"20180216",8
"20180217",9
"20180218",3
"20180219",12
"20180220",14
"20180221",11
"20180222",8
"20180223",8
"20180224",5
"20180225",5
"20180226",12
"20180227",9
"20180228",12
"20180301",77
"20180302",9
"20180303",6
"20180304",7
"20180305",12
"20180306",9
"20180307",16
"20180308",6
"20180309",8
"20180310",6
"20180311",11
"20180312",12
"20180313",6
"20180314",10
"20180315",17
"20180316",15
"20180317",8
"20180318",12
"20180319",15
"20180320",10
"20180321",7
"20180322",8
"20180323",8
"20180324",7
"20180325",8
"20180326",9
"20180327",17
"20180328",7
"20180329",9
"20180330",9
"20180331",14
"20180401",61
"20180402",10
"20180403",11
"20180404",4
"20180405",10
"20180406",7
"20180407",16
"20180408",11
"20180409",15
"20180410",13
"20180411",10
"20180412",11
"20180413",17
"20180414",13
"20180415",17
"20180416",13
"20180417",14
"20180418",5
"20180419",11
"20180420",12
"20180421",16
"20180422",7
"20180423",10
"20180424",11
"20180425",14
"20180426",6
"20180427",5
"20180428",5
"20180429",5
"20180430",15
"20180501",69
"20180502",12
"20180503",10
"20180504",6
"20180505",14
"20180506",9
"20180507",7
"20180508",3
"20180509",4
"20180510",12
"20180511",9
"20180512",7
"20180513",5
"20180514",8
"20180515",12
"20180516",4
"20180517",8
"20180518",16
"20180519",8
"20180520",6
"20180521",8
"20180522",8
"20180523",16
"20180524",6
"20180525",12
"20180526",4
"20180527",7
"20180528",11
"20180529",4
"20180530",6
"20180531",8
"20180601",56
"20180602",5
"20180603",3
"20180604",8
"20180605",10
"20180606",9
"20180607",3
"20180608",6
"20180609",6
"20180610",10
"20180611",20
"20180612",10
"20180613",9
"20180614",12
"20180615",11
"20180616",4
"20180617",5
"20180618",11
"20180619",12
"20180620",6
"20180621",8
"20180622",6
"20180623",5
"20180624",4
"20180625",7
"20180626",12
"20180627",6
"20180628",10
"20180629",6
"20180630",3
"20180701",45
"20180702",11
"20180703",6
"20180704",5
"20180705",12
"20180706",15
"20180707",12
"20180708",5
"20180709",10
"20180710",6
"20180711",9
"20180712",7
"20180713",10
"20180714",4
"20180715",10
"20180716",16
"20180717",5
"20180718",8
"20180719",3
"20180720",19
"20180721",9
"20180722",6
"20180723",14
"20180724",8
"20180725",11
"20180726",11
"20180727",9
"20180728",8
"20180729",7
"20180730",5
"20180731",6
"20180801",58
"20180802",7
"20180803",7
"20180804",5
"20180805",14
"20180806",7
"20180807",13
"20180808",10
"20180809",12
"20180810",11
"20180811",11
"20180812",5
"20180813",8
"20180814",3
"20180815",13
"20180816",8
"20180817",8
"20180818",10
"20180819",5
"20180820",7
"20180821",7
"20180822",11
"20180823",13
"20180824",6
"20180825",13
"20180826",7
"20180827",7
"20180828",7
"20180829",5
"20180830",8
"20180831",6
"20180901",45
"20180902",8
"20180903",11
"20180904",8
"20180905",10
"20180906",4
"20180907",9
"20180908",6
"20180909",4
"20180910",7
"20180911",15
"20180912",7
"20180913",5
"20180914",13
"20180915",7
"20180916",7
"20180917",12
"20180918",9
"20180919",3
"20180920",7
"20180921",8
"20180922",4
"20180923",10
"20180924",9
"20180925",4
"20180926",5
"20180927",9
"20180928",8
"20180929",5
"20180930",5
"20181001",56
"20181002",11
"20181003",11
"20181004",2
"20181005",9
"20181006",8
"20181007",3
"20181008",7
"20181009",6
"20181010",10
"20181011",5
"20181012",5
"20181013",6
"20181014",3
"20181015",12
"20181016",7
"20181017",7
"20181018",3
"20181019",7
"20181020",13
"20181021",6
"20181022",11
"20181023",5
"20181024",9
"20181025",10
"20181026",6
"20181027",3
"20181028",5
"20181029",6
"20181030",9
"20181031",9
"20181101",63
"20181102",8
"20181103",2
"20181104",6
"20181105",12
"20181106",5
"20181107",7
"20181108",7
"20181109",7
"20181110",12
"20181111",6
"20181112",12
"20181113",9
"20181114",11
"20181115",9
"20181116",10
"20181117",9
"20181118",9
"20181119",11
"20181120",10
"20181121",6
"20181122",6
"20181123",4
"20181124",6
"20181125",5
"20181126",11
"20181127",3
"20181128",9
"20181129",9
"20181130",15
"20181201",55
"20181202",7
"20181203",16
"20181204",5
"20181205",4
"20181206",5
"20181207",7
"20181208",8
"20181209",4
"20181210",8
"20181211",5
"20181212",12
"20181213",8
"20181214",4
"20181215",8
"20181216",13
"20181217",6
"20181218",3
"20181219",10
"20181220",13
"20181221",6
"20181222",7
"20181223",4
"20181224",8
"20181225",6
"20181226",8
"20181227",9
"20181228",2
"20181229",5
"20181230",4
"20181231",5
"20190101",163
"20190102",12
"20190103",7
"20190104",4
"20190105",14
"20190106",6
"20190107",10
"20190108",10
"20190109",8
"20190110",15
"20190111",7
"20190112",12
"20190113",4
"20190114",12
"20190115",16
"20190116",8
"20190117",12
"20190118",12
"20190119",6
"20190120",11
"20190121",16
"20190122",3
"20190123",7
"20190124",6
"20190125",11
"20190126",7
"20190127",9
"20190128",16
"20190129",10
"20190130",12
"20190131",10
"20190201",58
"20190202",9
"20190203",12
"20190204",16
"20190205",8
"20190206",9
"20190207",10
"20190208",7
"20190209",4
"20190210",13
"20190211",12
"20190212",12
"20190213",8
"20190214",15
"20190215",14
"20190216",7
"20190217",6
"20190218",11
"20190219",9
"20190220",15
"20190221",7
"20190222",7
"20190223",5
"20190224",9
"20190225",7
"20190226",7
"20190227",7
"20190228",12
"20190301",64
"20190302",8
"20190303",8
"20190304",12
"20190305",7
"20190306",11
"20190307",9
"20190308",17
"20190309",6
"20190310",7
"20190311",14
"20190312",12
"20190313",7
"20190314",10
"20190315",11
"20190316",5
"20190317",13
"20190318",8
"20190319",11
"20190320",4
"20190321",9
"20190322",14
"20190323",5
"20190324",12
"20190325",14
"20190326",6
"20190327",4
"20190328",4
"20190329",11
"20190330",14
"20190331",11
"20190401",51
"20190402",14
"20190403",8
"20190404",11
"20190405",9
"20190406",6
"20190407",6
"20190408",12
"20190409",8
"20190410",11
"20190411",2
"20190412",9
"20190413",4
"20190414",9
"20190415",12
"20190416",10
"20190417",8
"20190418",9
"20190419",12
"20190420",10
"20190421",8
"20190422",6
"20190423",6
"20190424",10
"20190425",4
"20190426",3
"20190427",5
"20190428",8
"20190429",7
"20190430",13
"20190501",57
"20190502",5
"20190503",6
"20190504",3
"20190505",9
"20190506",6
"20190507",9
"20190508",5
"20190509",8
"20190510",12
"20190511",2
"20190512",5
"20190513",9
"20190514",9
"20190515",13
"20190516",4
"20190517",5
"20190518",8
"20190519",6
"20190520",16
"20190521",6
"20190522",7
"20190523",6
"20190524",6
"20190525",9
"20190526",3
"20190527",3
"20190528",10
"20190529",9
"20190530",4
"20190531",9
"20190601",40
"20190602",10
"20190603",13
"20190604",11
"20190605",12
"20190606",19
"20190607",17
"20190608",14
"20190609",8
"20190610",20
"20190611",17
"20190612",10
"20190613",7
"20190614",7
"20190615",9
"20190616",7
"20190617",9
"20190618",6
"20190619",10
"20190620",3
"20190621",6
"20190622",3
"20190623",6
"20190624",10
"20190625",11
"20190626",4
"20190627",9
"20190628",6
"20190629",8
"20190630",9
"20190701",64
"20190702",12
"20190703",10
"20190704",2
"20190705",6
"20190706",5
"20190707",6
"20190708",5
"20190709",6
"20190710",12
"20190711",8
"20190712",7
"20190713",3
"20190714",6
"20190715",18
"20190716",7
"20190717",14
"20190718",11
"20190719",11
"20190720",13
"20190721",10
"20190722",10
"20190723",4
"20190724",7
"20190725",8
"20190726",12
"20190727",8
"20190728",8
"20190729",19
"20190730",11
"20190731",9
"20190801",37
"20190802",9
"20190803",8
"20190804",2
"20190805",10
"20190806",12
"20190807",11
"20190808",8
"20190809",6
"20190810",5
"20190811",8
"20190812",7
"20190813",8
"20190814",16
"20190815",11
"20190816",8
"20190817",4
"20190818",5
"20190819",11
"20190820",10
"20190821",3
"20190822",7
"20190823",9
"20190824",4
"20190825",6
"20190826",9
"20190827",7
"20190828",8
"20190829",4
"20190830",9
"20190831",3
"20190901",36
"20190902",11
"20190903",9
"20190904",7
"20190905",12
"20190906",6
"20190907",10
"20190908",5
"20190909",12
"20190910",8
"20190911",8
"20190912",7
"20190913",4
"20190914",14
"20190915",6
"20190916",10
"20190917",10
"20190918",7
"20190919",10
"20190920",11
"20190921",2
"20190922",9
"20190923",7
"20190924",6
"20190925",6
"20190926",9
"20190927",4
"20190928",5
"20190929",3
"20190930",11
"20191001",58
"20191002",9
"20191003",10
"20191004",7
"20191005",3
"20191006",11
"20191007",4
"20191008",3
"20191009",2
"20191010",9
"20191011",3
"20191012",9
"20191013",6
"20191014",7
"20191015",16
"20191016",11
"20191017",10
"20191018",6
"20191019",10
"20191020",8
"20191021",4
"20191022",8
"20191023",1
"20191024",4
"20191025",11
"20191026",4
"20191027",5
"20191028",8
"20191029",3
"20191030",12
"20191031",15
"20191101",50
"20191102",6
"20191103",6
"20191104",5
"20191105",4
"20191106",4
"20191107",10
"20191108",3
"20191109",6
"20191110",9
"20191111",15
"20191112",8
"20191113",10
"20191114",9
"20191115",14
"20191116",5
"20191117",9
"20191118",11
"20191119",3
"20191120",11
"20191121",12
"20191122",13
"20191123",8
"20191124",2
"20191125",6
"20191126",5
"20191127",11
"20191128",5
"20191129",9
"20191130",8
"20191201",45
"20191202",13
"20191203",14
"20191204",6
"20191205",5
"20191206",5
"20191207",6
"20191208",4
"20191209",8
"20191210",11
"20191211",7
"20191212",8
"20191213",6
"20191214",5
"20191215",13
"20191216",12
"20191217",6
"20191218",10
"20191219",7
"20191220",5
"20191221",1
"20191222",8
"20191223",3
"20191224",7
"20191225",5
"20191226",5
"20191227",11
"20191228",13
"20191229",6
"20191230",4
"20191231",10
"20200101",46
"20200102",13
"20200103",9
"20200104",5
"20200105",11
"20200106",10
"20200107",14
"20200108",8
"20200109",12
"20200110",9
"20200111",1
"20200112",10
"20200113",10
"20200114",11
"20200115",21
"20200116",12
"20200117",7
"20200118",7
"20200119",7
"20200120",16
"20200121",10
"20200122",9
"20200123",13
"20200124",13
"20200125",7
"20200126",11
"20200127",20
"20200128",6
"20200129",10
"20200130",16
"20200131",8
"20200201",32
"20200202",9
"20200203",14
"20200204",13
"20200205",14
"20200206",10
"20200207",15
"20200208",8
"20200209",9
"20200210",22
"20200211",8
"20200212",12
"20200213",8
"20200214",9
"20200215",7
"20200216",6
"20200217",7
"20200218",9
"20200219",4
"20200220",9
"20200221",7
"20200222",3
"20200223",7
"20200224",3
"20200225",7
"20200226",6
"20200227",4
"20200228",7
"20200229",4
"20200301",4
"20200302",5
"20200303",2
"20200304",5
"20200305",5
"20200306",7
"20200307",1
"20200308",3
"20200310",4
"20200311",3
"20200313",1
"20200314",1
"20200315",2
"20200316",1
"20200318",3
"20200319",3
"20200320",4
"20200321",3
"20200322",3
"20200323",2
"20200324",1
"20200326",1
"20200327",2
"20200328",1
"20200329",1
"20200404",1
"20200501",1
